enzyme_idx,string_id,uniprot_id
0,3847.A0A0G4DBR5,A0A0G4DBR5
1,3847.A0A0R0E2N3,A0A0R0E2N3
2,3847.A0A0R0E2W3,A0A0R0E2W3
3,3847.A0A0R0E2Z1,A0A0R0E2Z1
4,3847.A0A0R0E389,A0A0R0E389
5,3847.A0A0R0E568,A0A0R0E568
6,3847.A0A0R0E5W6,A0A0R0E5W6
7,3847.A0A0R0E6U1,A0A0R0E6U1
8,3847.A0A0R0E7Y9,A0A0R0E7Y9
9,3847.A0A0R0E897,A0A0R0E897
10,3847.A0A0R0E8U1,A0A0R0E8U1
11,3847.A0A0R0EA94,A0A0R0EA94
12,3847.A0A0R0EAS2,A0A0R0EAS2
13,3847.A0A0R0EBB0,A0A0R0EBB0
14,3847.A0A0R0EBB8,A0A0R0EBB8
15,3847.A0A0R0EBJ7,A0A0R0EBJ7
16,3847.A0A0R0EBJ8,A0A0R0EBJ8
17,3847.A0A0R0EC29,A0A0R0EC29
18,3847.A0A0R0ECR9,A0A0R0ECR9
19,3847.A0A0R0EDH2,A0A0R0EDH2
20,3847.A0A0R0EDM9,A0A0R0EDM9
21,3847.A0A0R0EF16,A0A0R0EF16
22,3847.A0A0R0EFL7,A0A0R0EFL7
23,3847.A0A0R0EG78,A0A0R0EG78
24,3847.A0A0R0EGA8,A0A0R0EGA8
25,3847.A0A0R0EGD1,A0A0R0EGD1
26,3847.A0A0R0EGI2,A0A0R0EGI2
27,3847.A0A0R0EH44,A0A0R0EH44
28,3847.A0A0R0EH83,A0A0R0EH83
29,3847.A0A0R0EHM4,A0A0R0EHM4
30,3847.A0A0R0EI27,A0A0R0EI27
31,3847.A0A0R0EII6,A0A0R0EII6
32,3847.A0A0R0EIR6,A0A0R0EIR6
33,3847.A0A0R0EIZ0,A0A0R0EIZ0
34,3847.A0A0R0EJ12,A0A0R0EJ12
35,3847.A0A0R0EJ26,A0A0R0EJ26
36,3847.A0A0R0EJ50,A0A0R0EJ50
37,3847.A0A0R0EJA0,A0A0R0EJA0
38,3847.A0A0R0EKD2,A0A0R0EKD2
39,3847.A0A0R0EL79,A0A0R0EL79
40,3847.A0A0R0EL96,A0A0R0EL96
41,3847.A0A0R0ELE0,A0A0R0ELE0
42,3847.A0A0R0ELE4,A0A0R0ELE4
43,3847.A0A0R0ELR4,A0A0R0ELR4
44,3847.A0A0R0ELT1,A0A0R0ELT1
45,3847.A0A0R0ELX3,A0A0R0ELX3
46,3847.A0A0R0EM30,A0A0R0EM30
47,3847.A0A0R0EM53,A0A0R0EM53
48,3847.A0A0R0EML4,A0A0R0EML4
49,3847.A0A0R0EN86,A0A0R0EN86
50,3847.A0A0R0ENB2,A0A0R0ENB2
51,3847.A0A0R0EPV5,A0A0R0EPV5
52,3847.A0A0R0EQ27,A0A0R0EQ27
53,3847.A0A0R0EQE5,A0A0R0EQE5
54,3847.A0A0R0EQG6,A0A0R0EQG6
55,3847.A0A0R0EQY1,A0A0R0EQY1
56,3847.A0A0R0ER06,A0A0R0ER06
57,3847.A0A0R0ER32,A0A0R0ER32
58,3847.A0A0R0ERG6,A0A0R0ERG6
59,3847.A0A0R0ESX6,A0A0R0ESX6
60,3847.A0A0R0ETD9,A0A0R0ETD9
61,3847.A0A0R0ETZ3,A0A0R0ETZ3
62,3847.A0A0R0EU68,A0A0R0EU68
63,3847.A0A0R0EVI2,A0A0R0EVI2
64,3847.A0A0R0EVI7,A0A0R0EVI7
65,3847.A0A0R0EVL3,A0A0R0EVL3
66,3847.A0A0R0EVP4,A0A0R0EVP4
67,3847.A0A0R0EWB7,A0A0R0EWB7
68,3847.A0A0R0EWF1,A0A0R0EWF1
69,3847.A0A0R0EWZ7,A0A0R0EWZ7
70,3847.A0A0R0EX18,A0A0R0EX18
71,3847.A0A0R0EXH6,A0A0R0EXH6
72,3847.A0A0R0EXK4,A0A0R0EXK4
73,3847.A0A0R0EXX1,A0A0R0EXX1
74,3847.A0A0R0EYK0,A0A0R0EYK0
75,3847.A0A0R0EYL4,A0A0R0EYL4
76,3847.A0A0R0EYP5,A0A0R0EYP5
77,3847.A0A0R0EYW2,A0A0R0EYW2
78,3847.A0A0R0F150,A0A0R0F150
79,3847.A0A0R0F179,A0A0R0F179
80,3847.A0A0R0F1G0,A0A0R0F1G0
81,3847.A0A0R0F1N7,A0A0R0F1N7
82,3847.A0A0R0F1Q2,A0A0R0F1Q2
83,3847.A0A0R0F1S7,A0A0R0F1S7
84,3847.A0A0R0F1Z8,A0A0R0F1Z8
85,3847.A0A0R0F2E2,A0A0R0F2E2
86,3847.A0A0R0F2G6,A0A0R0F2G6
87,3847.A0A0R0F382,A0A0R0F382
88,3847.A0A0R0F392,A0A0R0F392
89,3847.A0A0R0F3G4,A0A0R0F3G4
90,3847.A0A0R0F3U9,A0A0R0F3U9
91,3847.A0A0R0F3X4,A0A0R0F3X4
92,3847.A0A0R0F485,A0A0R0F485
93,3847.A0A0R0F4Q7,A0A0R0F4Q7
94,3847.A0A0R0F4R7,A0A0R0F4R7
95,3847.A0A0R0F4U7,A0A0R0F4U7
96,3847.A0A0R0F581,A0A0R0F581
97,3847.A0A0R0F5Q2,A0A0R0F5Q2
98,3847.A0A0R0F6H3,A0A0R0F6H3
99,3847.A0A0R0F6M9,A0A0R0F6M9
100,3847.A0A0R0F6S5,A0A0R0F6S5
101,3847.A0A0R0F7A2,A0A0R0F7A2
102,3847.A0A0R0F7R0,A0A0R0F7R0
103,3847.A0A0R0F8T7,A0A0R0F8T7
104,3847.A0A0R0F9I6,A0A0R0F9I6
105,3847.A0A0R0FAU2,A0A0R0FAU2
106,3847.A0A0R0FAU9,A0A0R0FAU9
107,3847.A0A0R0FC01,A0A0R0FC01
108,3847.A0A0R0FC09,A0A0R0FC09
109,3847.A0A0R0FC11,A0A0R0FC11
110,3847.A0A0R0FCP5,A0A0R0FCP5
111,3847.A0A0R0FD10,A0A0R0FD10
112,3847.A0A0R0FD82,A0A0R0FD82
113,3847.A0A0R0FDC0,A0A0R0FDC0
114,3847.A0A0R0FDC9,A0A0R0FDC9
115,3847.A0A0R0FDG2,A0A0R0FDG2
116,3847.A0A0R0FDG4,A0A0R0FDG4
117,3847.A0A0R0FDQ3,A0A0R0FDQ3
118,3847.A0A0R0FE45,A0A0R0FE45
119,3847.A0A0R0FEX0,A0A0R0FEX0
120,3847.A0A0R0FFF1,A0A0R0FFF1
121,3847.A0A0R0FFX1,A0A0R0FFX1
122,3847.A0A0R0FGB5,A0A0R0FGB5
123,3847.A0A0R0FGD6,A0A0R0FGD6
124,3847.A0A0R0FGG9,A0A0R0FGG9
125,3847.A0A0R0FGJ1,A0A0R0FGJ1
126,3847.A0A0R0FGJ5,A0A0R0FGJ5
127,3847.A0A0R0FGZ5,A0A0R0FGZ5
128,3847.A0A0R0FH08,A0A0R0FH08
129,3847.A0A0R0FHW6,A0A0R0FHW6
130,3847.A0A0R0FI80,A0A0R0FI80
131,3847.A0A0R0FIM4,A0A0R0FIM4
132,3847.A0A0R0FJF0,A0A0R0FJF0
133,3847.A0A0R0FJJ3,A0A0R0FJJ3
134,3847.A0A0R0FK72,A0A0R0FK72
135,3847.A0A0R0FLI5,A0A0R0FLI5
136,3847.A0A0R0FM08,A0A0R0FM08
137,3847.A0A0R0FM71,A0A0R0FM71
138,3847.A0A0R0FM78,A0A0R0FM78
139,3847.A0A0R0FM79,A0A0R0FM79
140,3847.A0A0R0FMD1,A0A0R0FMD1
141,3847.A0A0R0FME9,A0A0R0FME9
142,3847.A0A0R0FMJ7,A0A0R0FMJ7
143,3847.A0A0R0FMM6,A0A0R0FMM6
144,3847.A0A0R0FMR6,A0A0R0FMR6
145,3847.A0A0R0FMY8,A0A0R0FMY8
146,3847.A0A0R0FND9,A0A0R0FND9
147,3847.A0A0R0FP88,A0A0R0FP88
148,3847.A0A0R0FP98,A0A0R0FP98
149,3847.A0A0R0FPB1,A0A0R0FPB1
150,3847.A0A0R0FPB3,A0A0R0FPB3
151,3847.A0A0R0FPN2,A0A0R0FPN2
152,3847.A0A0R0FPN3,A0A0R0FPN3
153,3847.A0A0R0FQN0,A0A0R0FQN0
154,3847.A0A0R0FR88,A0A0R0FR88
155,3847.A0A0R0FSB1,A0A0R0FSB1
156,3847.A0A0R0FSP4,A0A0R0FSP4
157,3847.A0A0R0FSQ6,A0A0R0FSQ6
158,3847.A0A0R0FUI6,A0A0R0FUI6
159,3847.A0A0R0FV18,A0A0R0FV18
160,3847.A0A0R0FVB4,A0A0R0FVB4
161,3847.A0A0R0FVX7,A0A0R0FVX7
162,3847.A0A0R0FW78,A0A0R0FW78
163,3847.A0A0R0FW96,A0A0R0FW96
164,3847.A0A0R0FWJ6,A0A0R0FWJ6
165,3847.A0A0R0FWJ8,A0A0R0FWJ8
166,3847.A0A0R0FWL3,A0A0R0FWL3
167,3847.A0A0R0FWP2,A0A0R0FWP2
168,3847.A0A0R0FX70,A0A0R0FX70
169,3847.A0A0R0FX72,A0A0R0FX72
170,3847.A0A0R0FXW5,A0A0R0FXW5
171,3847.A0A0R0FYJ2,A0A0R0FYJ2
172,3847.A0A0R0FYS5,A0A0R0FYS5
173,3847.A0A0R0FYZ9,A0A0R0FYZ9
174,3847.A0A0R0FZ28,A0A0R0FZ28
175,3847.A0A0R0FZ89,A0A0R0FZ89
176,3847.A0A0R0FZL0,A0A0R0FZL0
177,3847.A0A0R0G011,A0A0R0G011
178,3847.A0A0R0G0J0,A0A0R0G0J0
179,3847.A0A0R0G0T0,A0A0R0G0T0
180,3847.A0A0R0G164,A0A0R0G164
181,3847.A0A0R0G1N4,A0A0R0G1N4
182,3847.A0A0R0G1U8,A0A0R0G1U8
183,3847.A0A0R0G3Q4,A0A0R0G3Q4
184,3847.A0A0R0G3T6,A0A0R0G3T6
185,3847.A0A0R0G4A7,A0A0R0G4A7
186,3847.A0A0R0G4E6,A0A0R0G4E6
187,3847.A0A0R0G587,A0A0R0G587
188,3847.A0A0R0G5A6,A0A0R0G5A6
189,3847.A0A0R0G5G0,A0A0R0G5G0
190,3847.A0A0R0G5G5,A0A0R0G5G5
191,3847.A0A0R0G5N0,A0A0R0G5N0
192,3847.A0A0R0G5Y0,A0A0R0G5Y0
193,3847.A0A0R0G645,A0A0R0G645
194,3847.A0A0R0G697,A0A0R0G697
195,3847.A0A0R0G6N2,A0A0R0G6N2
196,3847.A0A0R0G6Z9,A0A0R0G6Z9
197,3847.A0A0R0G721,A0A0R0G721
198,3847.A0A0R0G7K9,A0A0R0G7K9
199,3847.A0A0R0G7R4,A0A0R0G7R4
200,3847.A0A0R0G7S7,A0A0R0G7S7
201,3847.A0A0R0G7Y4,A0A0R0G7Y4
202,3847.A0A0R0G822,A0A0R0G822
203,3847.A0A0R0G8E5,A0A0R0G8E5
204,3847.A0A0R0G8H7,A0A0R0G8H7
205,3847.A0A0R0G8W2,A0A0R0G8W2
206,3847.A0A0R0G9C9,A0A0R0G9C9
207,3847.A0A0R0G9G7,A0A0R0G9G7
208,3847.A0A0R0G9P8,A0A0R0G9P8
209,3847.A0A0R0G9R2,A0A0R0G9R2
210,3847.A0A0R0G9Z9,A0A0R0G9Z9
211,3847.A0A0R0GA65,A0A0R0GA65
212,3847.A0A0R0GA79,A0A0R0GA79
213,3847.A0A0R0GAF9,A0A0R0GAF9
214,3847.A0A0R0GAP8,A0A0R0GAP8
215,3847.A0A0R0GB23,A0A0R0GB23
216,3847.A0A0R0GBI0,A0A0R0GBI0
217,3847.A0A0R0GBL0,A0A0R0GBL0
218,3847.A0A0R0GBV4,A0A0R0GBV4
219,3847.A0A0R0GCI8,A0A0R0GCI8
220,3847.A0A0R0GCN7,A0A0R0GCN7
221,3847.A0A0R0GCZ8,A0A0R0GCZ8
222,3847.A0A0R0GDJ8,A0A0R0GDJ8
223,3847.A0A0R0GDX2,A0A0R0GDX2
224,3847.A0A0R0GEB7,A0A0R0GEB7
225,3847.A0A0R0GFK8,A0A0R0GFK8
226,3847.A0A0R0GFW6,A0A0R0GFW6
227,3847.A0A0R0GFX1,A0A0R0GFX1
228,3847.A0A0R0GG41,A0A0R0GG41
229,3847.A0A0R0GGF4,A0A0R0GGF4
230,3847.A0A0R0GGP3,A0A0R0GGP3
231,3847.A0A0R0GHL3,A0A0R0GHL3
232,3847.A0A0R0GHM5,A0A0R0GHM5
233,3847.A0A0R0GHM8,A0A0R0GHM8
234,3847.A0A0R0GHQ0,A0A0R0GHQ0
235,3847.A0A0R0GI21,A0A0R0GI21
236,3847.A0A0R0GIH9,A0A0R0GIH9
237,3847.A0A0R0GIJ9,A0A0R0GIJ9
238,3847.A0A0R0GIK5,A0A0R0GIK5
239,3847.A0A0R0GIX6,A0A0R0GIX6
240,3847.A0A0R0GJ77,A0A0R0GJ77
241,3847.A0A0R0GJA9,A0A0R0GJA9
242,3847.A0A0R0GJD8,A0A0R0GJD8
243,3847.A0A0R0GJG2,A0A0R0GJG2
244,3847.A0A0R0GKX8,A0A0R0GKX8
245,3847.A0A0R0GL67,A0A0R0GL67
246,3847.A0A0R0GLB6,A0A0R0GLB6
247,3847.A0A0R0GLE4,A0A0R0GLE4
248,3847.A0A0R0GLW2,A0A0R0GLW2
249,3847.A0A0R0GN50,A0A0R0GN50
250,3847.A0A0R0GQM1,A0A0R0GQM1
251,3847.A0A0R0GRJ8,A0A0R0GRJ8
252,3847.A0A0R0GRQ7,A0A0R0GRQ7
253,3847.A0A0R0GSP5,A0A0R0GSP5
254,3847.A0A0R0GSW1,A0A0R0GSW1
255,3847.A0A0R0GSW4,A0A0R0GSW4
256,3847.A0A0R0GT69,A0A0R0GT69
257,3847.A0A0R0GU41,A0A0R0GU41
258,3847.A0A0R0GU87,A0A0R0GU87
259,3847.A0A0R0GUE5,A0A0R0GUE5
260,3847.A0A0R0GUE9,A0A0R0GUE9
261,3847.A0A0R0GVB3,A0A0R0GVB3
262,3847.A0A0R0GWU1,A0A0R0GWU1
263,3847.A0A0R0GWU7,A0A0R0GWU7
264,3847.A0A0R0GWV0,A0A0R0GWV0
265,3847.A0A0R0GWV9,A0A0R0GWV9
266,3847.A0A0R0GX78,A0A0R0GX78
267,3847.A0A0R0GYZ9,A0A0R0GYZ9
268,3847.A0A0R0GZF7,A0A0R0GZF7
269,3847.A0A0R0GZH7,A0A0R0GZH7
270,3847.A0A0R0GZR9,A0A0R0GZR9
271,3847.A0A0R0H094,A0A0R0H094
272,3847.A0A0R0H0R3,A0A0R0H0R3
273,3847.A0A0R0H0T7,A0A0R0H0T7
274,3847.A0A0R0H0V4,A0A0R0H0V4
275,3847.A0A0R0H1Q3,A0A0R0H1Q3
276,3847.A0A0R0H1X9,A0A0R0H1X9
277,3847.A0A0R0H291,A0A0R0H291
278,3847.A0A0R0H2F3,A0A0R0H2F3
279,3847.A0A0R0H3F3,A0A0R0H3F3
280,3847.A0A0R0H3H1,A0A0R0H3H1
281,3847.A0A0R0H3X6,A0A0R0H3X6
282,3847.A0A0R0H4C9,A0A0R0H4C9
283,3847.A0A0R0H4D4,A0A0R0H4D4
284,3847.A0A0R0H4X2,A0A0R0H4X2
285,3847.A0A0R0H610,A0A0R0H610
286,3847.A0A0R0H668,A0A0R0H668
287,3847.A0A0R0H689,A0A0R0H689
288,3847.A0A0R0H697,A0A0R0H697
289,3847.A0A0R0H721,A0A0R0H721
290,3847.A0A0R0H7W3,A0A0R0H7W3
291,3847.A0A0R0H8S0,A0A0R0H8S0
292,3847.A0A0R0H9A9,A0A0R0H9A9
293,3847.A0A0R0HA10,A0A0R0HA10
294,3847.A0A0R0HAM0,A0A0R0HAM0
295,3847.A0A0R0HAT7,A0A0R0HAT7
296,3847.A0A0R0HBG9,A0A0R0HBG9
297,3847.A0A0R0HCD7,A0A0R0HCD7
298,3847.A0A0R0HCH7,A0A0R0HCH7
299,3847.A0A0R0HCJ5,A0A0R0HCJ5
300,3847.A0A0R0HCY3,A0A0R0HCY3
301,3847.A0A0R0HDQ7,A0A0R0HDQ7
302,3847.A0A0R0HEF7,A0A0R0HEF7
303,3847.A0A0R0HEI5,A0A0R0HEI5
304,3847.A0A0R0HEM4,A0A0R0HEM4
305,3847.A0A0R0HES2,A0A0R0HES2
306,3847.A0A0R0HEZ8,A0A0R0HEZ8
307,3847.A0A0R0HF22,A0A0R0HF22
308,3847.A0A0R0HFK7,A0A0R0HFK7
309,3847.A0A0R0HFN7,A0A0R0HFN7
310,3847.A0A0R0HFU2,A0A0R0HFU2
311,3847.A0A0R0HG00,A0A0R0HG00
312,3847.A0A0R0HGX7,A0A0R0HGX7
313,3847.A0A0R0HHS7,A0A0R0HHS7
314,3847.A0A0R0HI48,A0A0R0HI48
315,3847.A0A0R0HID0,A0A0R0HID0
316,3847.A0A0R0HID3,A0A0R0HID3
317,3847.A0A0R0HID4,A0A0R0HID4
318,3847.A0A0R0HID7,A0A0R0HID7
319,3847.A0A0R0HID8,A0A0R0HID8
320,3847.A0A0R0HIG3,A0A0R0HIG3
321,3847.A0A0R0HIW7,A0A0R0HIW7
322,3847.A0A0R0HJ01,A0A0R0HJ01
323,3847.A0A0R0HJB7,A0A0R0HJB7
324,3847.A0A0R0HJJ7,A0A0R0HJJ7
325,3847.A0A0R0HLQ5,A0A0R0HLQ5
326,3847.A0A0R0HLV3,A0A0R0HLV3
327,3847.A0A0R0HLZ4,A0A0R0HLZ4
328,3847.A0A0R0HNR3,A0A0R0HNR3
329,3847.A0A0R0HP14,A0A0R0HP14
330,3847.A0A0R0HP60,A0A0R0HP60
331,3847.A0A0R0HPS7,A0A0R0HPS7
332,3847.A0A0R0HPY5,A0A0R0HPY5
333,3847.A0A0R0HR03,A0A0R0HR03
334,3847.A0A0R0HRA5,A0A0R0HRA5
335,3847.A0A0R0HRG1,A0A0R0HRG1
336,3847.A0A0R0HRG3,A0A0R0HRG3
337,3847.A0A0R0HRL5,A0A0R0HRL5
338,3847.A0A0R0HRW1,A0A0R0HRW1
339,3847.A0A0R0HRZ0,A0A0R0HRZ0
340,3847.A0A0R0HT11,A0A0R0HT11
341,3847.A0A0R0HTA4,A0A0R0HTA4
342,3847.A0A0R0HTR7,A0A0R0HTR7
343,3847.A0A0R0HUX5,A0A0R0HUX5
344,3847.A0A0R0HWM9,A0A0R0HWM9
345,3847.A0A0R0HY26,A0A0R0HY26
346,3847.A0A0R0HYB1,A0A0R0HYB1
347,3847.A0A0R0HYM5,A0A0R0HYM5
348,3847.A0A0R0HYU4,A0A0R0HYU4
349,3847.A0A0R0HZ13,A0A0R0HZ13
350,3847.A0A0R0HZ25,A0A0R0HZ25
351,3847.A0A0R0HZ88,A0A0R0HZ88
352,3847.A0A0R0HZT2,A0A0R0HZT2
353,3847.A0A0R0HZZ3,A0A0R0HZZ3
354,3847.A0A0R0I032,A0A0R0I032
355,3847.A0A0R0I0I2,A0A0R0I0I2
356,3847.A0A0R0I128,A0A0R0I128
357,3847.A0A0R0I1Z8,A0A0R0I1Z8
358,3847.A0A0R0I2G1,A0A0R0I2G1
359,3847.A0A0R0I2W8,A0A0R0I2W8
360,3847.A0A0R0I2Y3,A0A0R0I2Y3
361,3847.A0A0R0I492,A0A0R0I492
362,3847.A0A0R0I4J2,A0A0R0I4J2
363,3847.A0A0R0I559,A0A0R0I559
364,3847.A0A0R0I5G0,A0A0R0I5G0
365,3847.A0A0R0I5L4,A0A0R0I5L4
366,3847.A0A0R0I623,A0A0R0I623
367,3847.A0A0R0I641,A0A0R0I641
368,3847.A0A0R0I658,A0A0R0I658
369,3847.A0A0R0I683,A0A0R0I683
370,3847.A0A0R0I686,A0A0R0I686
371,3847.A0A0R0I7A3,A0A0R0I7A3
372,3847.A0A0R0I811,A0A0R0I811
373,3847.A0A0R0I8N3,A0A0R0I8N3
374,3847.A0A0R0I8P4,A0A0R0I8P4
375,3847.A0A0R0I9A1,A0A0R0I9A1
376,3847.A0A0R0I9A2,A0A0R0I9A2
377,3847.A0A0R0I9H6,A0A0R0I9H6
378,3847.A0A0R0I9L1,A0A0R0I9L1
379,3847.A0A0R0I9Q9,A0A0R0I9Q9
380,3847.A0A0R0I9Y9,A0A0R0I9Y9
381,3847.A0A0R0I9Z8,A0A0R0I9Z8
382,3847.A0A0R0IAX6,A0A0R0IAX6
383,3847.A0A0R0IBM5,A0A0R0IBM5
384,3847.A0A0R0IC18,A0A0R0IC18
385,3847.A0A0R0ICM7,A0A0R0ICM7
386,3847.A0A0R0ICR4,A0A0R0ICR4
387,3847.A0A0R0ICT2,A0A0R0ICT2
388,3847.A0A0R0IDN2,A0A0R0IDN2
389,3847.A0A0R0IDS4,A0A0R0IDS4
390,3847.A0A0R0IDV9,A0A0R0IDV9
391,3847.A0A0R0IE36,A0A0R0IE36
392,3847.A0A0R0IFA7,A0A0R0IFA7
393,3847.A0A0R0IFS4,A0A0R0IFS4
394,3847.A0A0R0IFS8,A0A0R0IFS8
395,3847.A0A0R0IFV2,A0A0R0IFV2
396,3847.A0A0R0IG23,A0A0R0IG23
397,3847.A0A0R0IGJ1,A0A0R0IGJ1
398,3847.A0A0R0IHJ8,A0A0R0IHJ8
399,3847.A0A0R0IHP4,A0A0R0IHP4
400,3847.A0A0R0IHS3,A0A0R0IHS3
401,3847.A0A0R0IHZ9,A0A0R0IHZ9
402,3847.A0A0R0II11,A0A0R0II11
403,3847.A0A0R0IIM8,A0A0R0IIM8
404,3847.A0A0R0IJ06,A0A0R0IJ06
405,3847.A0A0R0IJ31,A0A0R0IJ31
406,3847.A0A0R0IJS9,A0A0R0IJS9
407,3847.A0A0R0IJW3,A0A0R0IJW3
408,3847.A0A0R0ILL1,A0A0R0ILL1
409,3847.A0A0R0IMB6,A0A0R0IMB6
410,3847.A0A0R0IN22,A0A0R0IN22
411,3847.A0A0R0INS4,A0A0R0INS4
412,3847.A0A0R0IP64,A0A0R0IP64
413,3847.A0A0R0IPF3,A0A0R0IPF3
414,3847.A0A0R0IPF6,A0A0R0IPF6
415,3847.A0A0R0IPL2,A0A0R0IPL2
416,3847.A0A0R0IPN6,A0A0R0IPN6
417,3847.A0A0R0IQP5,A0A0R0IQP5
418,3847.A0A0R0IR07,A0A0R0IR07
419,3847.A0A0R0IRF6,A0A0R0IRF6
420,3847.A0A0R0IRH4,A0A0R0IRH4
421,3847.A0A0R0ISA2,A0A0R0ISA2
422,3847.A0A0R0ITV2,A0A0R0ITV2
423,3847.A0A0R0IUQ3,A0A0R0IUQ3
424,3847.A0A0R0IUS1,A0A0R0IUS1
425,3847.A0A0R0IUZ9,A0A0R0IUZ9
426,3847.A0A0R0IV35,A0A0R0IV35
427,3847.A0A0R0IW39,A0A0R0IW39
428,3847.A0A0R0IW52,A0A0R0IW52
429,3847.A0A0R0IWD3,A0A0R0IWD3
430,3847.A0A0R0IWM0,A0A0R0IWM0
431,3847.A0A0R0IWR1,A0A0R0IWR1
432,3847.A0A0R0IWR8,A0A0R0IWR8
433,3847.A0A0R0IWY8,A0A0R0IWY8
434,3847.A0A0R0IX90,A0A0R0IX90
435,3847.A0A0R0IXA8,A0A0R0IXA8
436,3847.A0A0R0IXG3,A0A0R0IXG3
437,3847.A0A0R0IXM7,A0A0R0IXM7
438,3847.A0A0R0IYK7,A0A0R0IYK7
439,3847.A0A0R0IZ75,A0A0R0IZ75
440,3847.A0A0R0IZG8,A0A0R0IZG8
441,3847.A0A0R0IZK1,A0A0R0IZK1
442,3847.A0A0R0IZU4,A0A0R0IZU4
443,3847.A0A0R0J065,A0A0R0J065
444,3847.A0A0R0J1E7,A0A0R0J1E7
445,3847.A0A0R0J250,A0A0R0J250
446,3847.A0A0R0J279,A0A0R0J279
447,3847.A0A0R0J294,A0A0R0J294
448,3847.A0A0R0J2W1,A0A0R0J2W1
449,3847.A0A0R0J4C8,A0A0R0J4C8
450,3847.A0A0R0J536,A0A0R0J536
451,3847.A0A0R0J5E2,A0A0R0J5E2
452,3847.A0A0R0J5F9,A0A0R0J5F9
453,3847.A0A0R0J5W4,A0A0R0J5W4
454,3847.A0A0R0J6G0,A0A0R0J6G0
455,3847.A0A0R0J6Q8,A0A0R0J6Q8
456,3847.A0A0R0J7N4,A0A0R0J7N4
457,3847.A0A0R0J8G3,A0A0R0J8G3
458,3847.A0A0R0J8M3,A0A0R0J8M3
459,3847.A0A0R0J963,A0A0R0J963
460,3847.A0A0R0J975,A0A0R0J975
461,3847.A0A0R0JA54,A0A0R0JA54
462,3847.A0A0R0JAJ0,A0A0R0JAJ0
463,3847.A0A0R0JAK1,A0A0R0JAK1
464,3847.A0A0R0JB31,A0A0R0JB31
465,3847.A0A0R0JB49,A0A0R0JB49
466,3847.A0A0R0JCN8,A0A0R0JCN8
467,3847.A0A0R0JCY0,A0A0R0JCY0
468,3847.A0A0R0JDW3,A0A0R0JDW3
469,3847.A0A0R0JDZ3,A0A0R0JDZ3
470,3847.A0A0R0JE01,A0A0R0JE01
471,3847.A0A0R0JEE4,A0A0R0JEE4
472,3847.A0A0R0JEQ1,A0A0R0JEQ1
473,3847.A0A0R0JFP1,A0A0R0JFP1
474,3847.A0A0R0JH94,A0A0R0JH94
475,3847.A0A0R0JHS0,A0A0R0JHS0
476,3847.A0A0R0JI04,A0A0R0JI04
477,3847.A0A0R0JI69,A0A0R0JI69
478,3847.A0A0R0JI99,A0A0R0JI99
479,3847.A0A0R0JIE5,A0A0R0JIE5
480,3847.A0A0R0JIK3,A0A0R0JIK3
481,3847.A0A0R0JIU6,A0A0R0JIU6
482,3847.A0A0R0JLQ5,A0A0R0JLQ5
483,3847.A0A0R0JLV0,A0A0R0JLV0
484,3847.A0A0R0JMI0,A0A0R0JMI0
485,3847.A0A0R0JMP6,A0A0R0JMP6
486,3847.A0A0R0JMR6,A0A0R0JMR6
487,3847.A0A0R0JNC2,A0A0R0JNC2
488,3847.A0A0R0JNE0,A0A0R0JNE0
489,3847.A0A0R0JNR8,A0A0R0JNR8
490,3847.A0A0R0JP47,A0A0R0JP47
491,3847.A0A0R0JPH2,A0A0R0JPH2
492,3847.A0A0R0JPU0,A0A0R0JPU0
493,3847.A0A0R0JQV4,A0A0R0JQV4
494,3847.A0A0R0JR20,A0A0R0JR20
495,3847.A0A0R0JRA3,A0A0R0JRA3
496,3847.A0A0R0JRI6,A0A0R0JRI6
497,3847.A0A0R0JRS6,A0A0R0JRS6
498,3847.A0A0R0JT16,A0A0R0JT16
499,3847.A0A0R0JT94,A0A0R0JT94
500,3847.A0A0R0JTF7,A0A0R0JTF7
501,3847.A0A0R0JTG6,A0A0R0JTG6
502,3847.A0A0R0JTX0,A0A0R0JTX0
503,3847.A0A0R0JUD4,A0A0R0JUD4
504,3847.A0A0R0JUM5,A0A0R0JUM5
505,3847.A0A0R0JV24,A0A0R0JV24
506,3847.A0A0R0JVB4,A0A0R0JVB4
507,3847.A0A0R0JW59,A0A0R0JW59
508,3847.A0A0R0JWS8,A0A0R0JWS8
509,3847.A0A0R0JXR1,A0A0R0JXR1
510,3847.A0A0R0JXU0,A0A0R0JXU0
511,3847.A0A0R0JY38,A0A0R0JY38
512,3847.A0A0R0JYF2,A0A0R0JYF2
513,3847.A0A0R0JYG7,A0A0R0JYG7
514,3847.A0A0R0JZ56,A0A0R0JZ56
515,3847.A0A0R0K0D1,A0A0R0K0D1
516,3847.A0A0R0K0E5,A0A0R0K0E5
517,3847.A0A0R0K0F5,A0A0R0K0F5
518,3847.A0A0R0K157,A0A0R0K157
519,3847.A0A0R0K1U3,A0A0R0K1U3
520,3847.A0A0R0K1V2,A0A0R0K1V2
521,3847.A0A0R0K2A2,A0A0R0K2A2
522,3847.A0A0R0K2N5,A0A0R0K2N5
523,3847.A0A0R0K3C7,A0A0R0K3C7
524,3847.A0A0R0K3L5,A0A0R0K3L5
525,3847.A0A0R0K4F8,A0A0R0K4F8
526,3847.A0A0R0K4H6,A0A0R0K4H6
527,3847.A0A0R0K553,A0A0R0K553
528,3847.A0A0R0K5P1,A0A0R0K5P1
529,3847.A0A0R0K5U6,A0A0R0K5U6
530,3847.A0A0R0K5Y3,A0A0R0K5Y3
531,3847.A0A0R0K6W9,A0A0R0K6W9
532,3847.A0A0R0K711,A0A0R0K711
533,3847.A0A0R0K7C0,A0A0R0K7C0
534,3847.A0A0R0K7C9,A0A0R0K7C9
535,3847.A0A0R0K7D1,A0A0R0K7D1
536,3847.A0A0R0K7J6,A0A0R0K7J6
537,3847.A0A0R0K7Z3,A0A0R0K7Z3
538,3847.A0A0R0K821,A0A0R0K821
539,3847.A0A0R0K8J1,A0A0R0K8J1
540,3847.A0A0R0K9F1,A0A0R0K9F1
541,3847.A0A0R0KA35,A0A0R0KA35
542,3847.A0A0R0KAA8,A0A0R0KAA8
543,3847.A0A0R0KAE9,A0A0R0KAE9
544,3847.A0A0R0KBX3,A0A0R0KBX3
545,3847.A0A0R0KBX5,A0A0R0KBX5
546,3847.A0A0R0KCI9,A0A0R0KCI9
547,3847.A0A0R0KCM6,A0A0R0KCM6
548,3847.A0A0R0KCQ0,A0A0R0KCQ0
549,3847.A0A0R0KCQ4,A0A0R0KCQ4
550,3847.A0A0R0KD75,A0A0R0KD75
551,3847.A0A0R0KDR1,A0A0R0KDR1
552,3847.A0A0R0KE09,A0A0R0KE09
553,3847.A0A0R0KE29,A0A0R0KE29
554,3847.A0A0R0KFP7,A0A0R0KFP7
555,3847.A0A0R0KG32,A0A0R0KG32
556,3847.A0A0R0KGU5,A0A0R0KGU5
557,3847.A0A0R0KH49,A0A0R0KH49
558,3847.A0A0R0KH70,A0A0R0KH70
559,3847.A0A0R0KHF5,A0A0R0KHF5
560,3847.A0A0R0KHJ4,A0A0R0KHJ4
561,3847.A0A0R0KHR8,A0A0R0KHR8
562,3847.A0A0R0KHS2,A0A0R0KHS2
563,3847.A0A0R0KI13,A0A0R0KI13
564,3847.A0A0R0KI91,A0A0R0KI91
565,3847.A0A0R0KJG5,A0A0R0KJG5
566,3847.A0A0R0KJN4,A0A0R0KJN4
567,3847.A0A0R0KJN7,A0A0R0KJN7
568,3847.A0A0R0KK28,A0A0R0KK28
569,3847.A0A0R0KKI0,A0A0R0KKI0
570,3847.A0A0R0KKI7,A0A0R0KKI7
571,3847.A0A0R0KKK3,A0A0R0KKK3
572,3847.A0A0R0KKK6,A0A0R0KKK6
573,3847.A0A0R0KLG9,A0A0R0KLG9
574,3847.A0A0R0KLU6,A0A0R0KLU6
575,3847.A0A0R0KLX1,A0A0R0KLX1
576,3847.A0A0R0KM12,A0A0R0KM12
577,3847.A0A0R0KMM9,A0A0R0KMM9
578,3847.A0A0R0KN88,A0A0R0KN88
579,3847.A0A0R0KNN4,A0A0R0KNN4
580,3847.A0A0R0KNP6,A0A0R0KNP6
581,3847.A0A0R0KP34,A0A0R0KP34
582,3847.A0A0R0KP96,A0A0R0KP96
583,3847.A0A0R0KPZ7,A0A0R0KPZ7
584,3847.A0A0R0KQ50,A0A0R0KQ50
585,3847.A0A0R0KR64,A0A0R0KR64
586,3847.A0A0R0KR94,A0A0R0KR94
587,3847.A0A0R0KRM2,A0A0R0KRM2
588,3847.A0A0R0KRN8,A0A0R0KRN8
589,3847.A0A0R0KS32,A0A0R0KS32
590,3847.A0A0R0KS97,A0A0R0KS97
591,3847.A0A0R0KSK9,A0A0R0KSK9
592,3847.A0A0R0KSR7,A0A0R0KSR7
593,3847.A0A0R0KTV1,A0A0R0KTV1
594,3847.A0A0R0KUR1,A0A0R0KUR1
595,3847.A0A0R0KUR3,A0A0R0KUR3
596,3847.A0A0R0KV03,A0A0R0KV03
597,3847.A0A0R0KV06,A0A0R0KV06
598,3847.A0A0R0KVH5,A0A0R0KVH5
599,3847.A0A0R0KVX2,A0A0R0KVX2
600,3847.A0A0R0KW67,A0A0R0KW67
601,3847.A0A0R0KWX7,A0A0R0KWX7
602,3847.A0A0R0KXK1,A0A0R0KXK1
603,3847.A0A0R0KXU6,A0A0R0KXU6
604,3847.A0A0R0KY63,A0A0R0KY63
605,3847.A0A0R0KYI6,A0A0R0KYI6
606,3847.A0A0R0KYP1,A0A0R0KYP1
607,3847.A0A0R0KYU3,A0A0R0KYU3
608,3847.A0A0R0KYX9,A0A0R0KYX9
609,3847.A0A0R0KZB4,A0A0R0KZB4
610,3847.A0A0R0L049,A0A0R0L049
611,3847.A0A0R0L094,A0A0R0L094
612,3847.A0A0R0L0E8,A0A0R0L0E8
613,3847.A0A0R0L0I1,A0A0R0L0I1
614,3847.A0A0R0L0N5,A0A0R0L0N5
615,3847.A0A0R0L0T5,A0A0R0L0T5
616,3847.A0A0R0L0W2,A0A0R0L0W2
617,3847.A0A0R0L0W8,A0A0R0L0W8
618,3847.A0A0R0L1Q9,A0A0R0L1Q9
619,3847.A0A0R0L1U9,A0A0R0L1U9
620,3847.A0A0R0L1W4,A0A0R0L1W4
621,3847.A0A0R0L1X4,A0A0R0L1X4
622,3847.A0A0R0L1Z4,A0A0R0L1Z4
623,3847.A0A0R0L2G4,A0A0R0L2G4
624,3847.A0A0R0L4D0,A0A0R0L4D0
625,3847.A0A0R0L4Q8,A0A0R0L4Q8
626,3847.A0A0R0L518,A0A0R0L518
627,3847.A0A0R0L579,A0A0R0L579
628,3847.A0A0R0L5N9,A0A0R0L5N9
629,3847.A0A0R0L5Q2,A0A0R0L5Q2
630,3847.A0A0R0L5T5,A0A0R0L5T5
631,3847.A0A0R0L655,A0A0R0L655
632,3847.A0A0R0L6V6,A0A0R0L6V6
633,3847.A0A0R0L6V8,A0A0R0L6V8
634,3847.A0A0R0L6W1,A0A0R0L6W1
635,3847.A0A0R0L749,A0A0R0L749
636,3847.A0A0R0L7B7,A0A0R0L7B7
637,3847.A0A0R0L7E8,A0A0R0L7E8
638,3847.A0A0R0L7U9,A0A0R0L7U9
639,3847.A0A0R0L847,A0A0R0L847
640,3847.A0A0R0L8T8,A0A0R0L8T8
641,3847.A0A0R0L8Z0,A0A0R0L8Z0
642,3847.A0A0R0L9B5,A0A0R0L9B5
643,3847.A0A0R0L9K0,A0A0R0L9K0
644,3847.A0A0R0L9L6,A0A0R0L9L6
645,3847.A0A0R0LAP6,A0A0R0LAP6
646,3847.A0A0R0LAT1,A0A0R0LAT1
647,3847.A0A0R0LC36,A0A0R0LC36
648,3847.A0A0R0LCA6,A0A0R0LCA6
649,3847.A0A0R0LDK2,A0A0R0LDK2
650,3847.A0A0R0LDP2,A0A0R0LDP2
651,3847.A0A0R0LF51,A0A0R0LF51
652,3847.A0A0R0LF93,A0A0R0LF93
653,3847.A0A0R0LFB4,A0A0R0LFB4
654,3847.A0A0R0LGF8,A0A0R0LGF8
655,3847.A0A0R0LGH5,A0A0R0LGH5
656,3847.A0A0R0LGX1,A0A0R0LGX1
657,3847.A0A0R0LHG8,A0A0R0LHG8
658,3847.A0A0R0LHS6,A0A0R0LHS6
659,3847.A0A0R0LHW5,A0A0R0LHW5
660,3847.A0A0R0LIH0,A0A0R0LIH0
661,3847.A0A0R0LKJ9,A0A0R0LKJ9
662,3847.A0A0R4J2J8,A0A0R4J2J8
663,3847.A0A0R4J2K3,A0A0R4J2K3
664,3847.A0A0R4J2N4,A0A0R4J2N4
665,3847.A0A0R4J2N9,A0A0R4J2N9
666,3847.A0A0R4J2P9,A0A0R4J2P9
667,3847.A0A0R4J2Q8,A0A0R4J2Q8
668,3847.A0A0R4J2S3,A0A0R4J2S3
669,3847.A0A0R4J2Y7,A0A0R4J2Y7
670,3847.A0A0R4J315,A0A0R4J315
671,3847.A0A0R4J338,A0A0R4J338
672,3847.A0A0R4J387,A0A0R4J387
673,3847.A0A0R4J3C5,A0A0R4J3C5
674,3847.A0A0R4J3D3,A0A0R4J3D3
675,3847.A0A0R4J3L3,A0A0R4J3L3
676,3847.A0A0R4J3W6,A0A0R4J3W6
677,3847.A0A0R4J3Y9,A0A0R4J3Y9
678,3847.A0A0R4J436,A0A0R4J436
679,3847.A0A0R4J437,A0A0R4J437
680,3847.A0A0R4J4A1,A0A0R4J4A1
681,3847.A0A0R4J4B4,A0A0R4J4B4
682,3847.A0A0R4J4C8,A0A0R4J4C8
683,3847.A0A0R4J4E1,A0A0R4J4E1
684,3847.A0A0R4J4J6,A0A0R4J4J6
685,3847.A0A0R4J4J7,A0A0R4J4J7
686,3847.A0A0R4J4Q1,A0A0R4J4Q1
687,3847.A0A0R4J4R7,A0A0R4J4R7
688,3847.A0A0R4J4S6,A0A0R4J4S6
689,3847.A0A0R4J4T5,A0A0R4J4T5
690,3847.A0A0R4J536,A0A0R4J536
691,3847.A0A0R4J549,A0A0R4J549
692,3847.A0A0R4J574,A0A0R4J574
693,3847.A0A0R4J5D9,A0A0R4J5D9
694,3847.A0A0R4J5H2,A0A0R4J5H2
695,3847.A0A0R4J5H8,A0A0R4J5H8
696,3847.A0A0R4J5K2,A0A0R4J5K2
697,3847.A0A0R4J5R0,A0A0R4J5R0
698,3847.A0A0R4J5U2,A0A0R4J5U2
699,3847.A0A0R4J5W6,A0A0R4J5W6
700,3847.A0A0R4J5Y3,A0A0R4J5Y3
701,3847.A0A0R4J606,A0A0R4J606
702,3847.A0A0R4J631,A0A0R4J631
703,3847.A0A0R4J646,A0A0R4J646
704,3847.A0A0R4J650,A0A0R4J650
705,3847.A0A0R4J651,A0A0R4J651
706,3847.A0A0R4J669,A0A0R4J669
707,3847.A0A2K7L8L4,A0A2K7L8L4
708,3847.A0A368UGE5,A0A368UGE5
709,3847.A0A368UGG7,A0A368UGG7
710,3847.A0A368UGS8,A0A368UGS8
711,3847.A0A368UGU8,A0A368UGU8
712,3847.A0A368UGX2,A0A368UGX2
713,3847.A0A368UGX9,A0A368UGX9
714,3847.A0A368UH04,A0A368UH04
715,3847.A0A368UH07,A0A368UH07
716,3847.A0A368UH27,A0A368UH27
717,3847.A0A368UH36,A0A368UH36
718,3847.A0A368UH89,A0A368UH89
719,3847.A0A368UHB0,A0A368UHB0
720,3847.A0A368UHD2,A0A368UHD2
721,3847.A0A368UHD4,A0A368UHD4
722,3847.A0A368UHE2,A0A368UHE2
723,3847.A0A368UHF3,A0A368UHF3
724,3847.A0A368UHH9,A0A368UHH9
725,3847.A0A368UHI5,A0A368UHI5
726,3847.A0A368UHM0,A0A368UHM0
727,3847.A0A368UHM5,A0A368UHM5
728,3847.A0A368UHR1,A0A368UHR1
729,3847.A0A368UHS9,A0A368UHS9
730,3847.A0A368UHX4,A0A368UHX4
731,3847.A0A368UI05,A0A368UI05
732,3847.A0A368UI28,A0A368UI28
733,3847.A0A368UIA4,A0A368UIA4
734,3847.A0A368UIC2,A0A368UIC2
735,3847.A0A368UIE4,A0A368UIE4
736,3847.A0A368UIE7,A0A368UIE7
737,3847.A0A368UIG3,A0A368UIG3
738,3847.A0A368UIM2,A0A368UIM2
739,3847.A0A368UIM5,A0A368UIM5
740,3847.A0A368UJ64,A0A368UJ64
741,3847.A0A368UJE8,A0A368UJE8
742,3847.A0A368UJT1,A0A368UJT1
743,3847.A0A368UKJ9,A0A368UKJ9
744,3847.A0A368UKP7,A0A368UKP7
745,3847.A0A368UKR1,A0A368UKR1
746,3847.A0A368UL88,A0A368UL88
747,3847.A0A368ULV3,A0A368ULV3
748,3847.A0A368ULW9,A0A368ULW9
749,3847.A0MAV6,A0MAV6
750,3847.A1YUN0,A1YUN0
751,3847.A1YZE0,A1YZE0
752,3847.A3QRM3,A3QRM3
753,3847.A5I866,A5I866
754,3847.A6BM07,A6BM07
755,3847.A7BIC9,A7BIC9
756,3847.A7BID0,A7BID0
757,3847.A7ISP5,A7ISP5
758,3847.A7ISP6,A7ISP6
759,3847.A7X641,A7X641
760,3847.A7X649,A7X649
761,3847.A7X657,A7X657
762,3847.A7X665,A7X665
763,3847.A7X672,A7X672
764,3847.A7X680,A7X680
765,3847.A9QNE4,A9QNE4
766,3847.B0M195,B0M195
767,3847.B0M1A3,B0M1A3
768,3847.B0ZSJ5,B0ZSJ5
769,3847.B2ZF65,B2ZF65
770,3847.B2ZHZ5,B2ZHZ5
771,3847.B3F5J6,B3F5J6
772,3847.B4Y5J6,B4Y5J6
773,3847.B4Y5J7,B4Y5J7
774,3847.B9A1Q4,B9A1Q4
775,3847.B9VJS7,B9VJS7
776,3847.C0M0P5,C0M0P5
777,3847.C0M0P7,C0M0P7
778,3847.C0M0P9,C0M0P9
779,3847.C0M0Q1,C0M0Q1
780,3847.C0SW30,C0SW30
781,3847.C3VD33,C3VD33
782,3847.C4TP24,C4TP24
783,3847.C6F116,C6F116
784,3847.C6F121,C6F121
785,3847.C6FF75,C6FF75
786,3847.C6SVM8,C6SVM8
787,3847.C6SWQ7,C6SWQ7
788,3847.C6SX87,C6SX87
789,3847.C6SXG9,C6SXG9
790,3847.C6SXJ9,C6SXJ9
791,3847.C6SXW1,C6SXW1
792,3847.C6SYA8,C6SYA8
793,3847.C6SYC1,C6SYC1
794,3847.C6SYJ0,C6SYJ0
795,3847.C6SYN6,C6SYN6
796,3847.C6SZ46,C6SZ46
797,3847.C6SZ70,C6SZ70
798,3847.C6SZC5,C6SZC5
799,3847.C6SZG8,C6SZG8
800,3847.C6SZJ2,C6SZJ2
801,3847.C6T1L6,C6T1L6
802,3847.C6T2N2,C6T2N2
803,3847.C6T357,C6T357
804,3847.C6T3M3,C6T3M3
805,3847.C6T3N6,C6T3N6
806,3847.C6T426,C6T426
807,3847.C6T427,C6T427
808,3847.C6T4F9,C6T4F9
809,3847.C6T570,C6T570
810,3847.C6T798,C6T798
811,3847.C6T7F2,C6T7F2
812,3847.C6T871,C6T871
813,3847.C6T8V8,C6T8V8
814,3847.C6T8Y4,C6T8Y4
815,3847.C6T918,C6T918
816,3847.C6T936,C6T936
817,3847.C6T994,C6T994
818,3847.C6T9L5,C6T9L5
819,3847.C6T9W4,C6T9W4
820,3847.C6TA28,C6TA28
821,3847.C6TA87,C6TA87
822,3847.C6TAM7,C6TAM7
823,3847.C6TBA0,C6TBA0
824,3847.C6TBP8,C6TBP8
825,3847.C6TC18,C6TC18
826,3847.C6TCJ0,C6TCJ0
827,3847.C6TD35,C6TD35
828,3847.C6TD41,C6TD41
829,3847.C6TD75,C6TD75
830,3847.C6TE56,C6TE56
831,3847.C6TE63,C6TE63
832,3847.C6TER0,C6TER0
833,3847.C6TFD8,C6TFD8
834,3847.C6TG61,C6TG61
835,3847.C6TGN8,C6TGN8
836,3847.C6THA0,C6THA0
837,3847.C6THI7,C6THI7
838,3847.C6THW5,C6THW5
839,3847.C6TI75,C6TI75
840,3847.C6TI76,C6TI76
841,3847.C6TIG2,C6TIG2
842,3847.C6TIM5,C6TIM5
843,3847.C6TIQ8,C6TIQ8
844,3847.C6TJ91,C6TJ91
845,3847.C6TJM7,C6TJM7
846,3847.C6TKA3,C6TKA3
847,3847.C6TKZ5,C6TKZ5
848,3847.C6TL96,C6TL96
849,3847.C6TMC0,C6TMC0
850,3847.C6TME1,C6TME1
851,3847.C6TMF5,C6TMF5
852,3847.C6TMX6,C6TMX6
853,3847.C6TNL5,C6TNL5
854,3847.C6TNQ1,C6TNQ1
855,3847.C6TNT2,C6TNT2
856,3847.C6ZIG0,C6ZIG0
857,3847.C6ZJY6,C6ZJY6
858,3847.C6ZJY9,C6ZJY9
859,3847.C6ZJZ0,C6ZJZ0
860,3847.C6ZRM1,C6ZRM1
861,3847.C6ZRM6,C6ZRM6
862,3847.C6ZRM8,C6ZRM8
863,3847.C6ZRN0,C6ZRN0
864,3847.C6ZRN7,C6ZRN7
865,3847.C6ZRP1,C6ZRP1
866,3847.C6ZRP3,C6ZRP3
867,3847.C6ZRQ0,C6ZRQ0
868,3847.C6ZRR9,C6ZRR9
869,3847.C6ZRS1,C6ZRS1
870,3847.C6ZRS6,C6ZRS6
871,3847.C6ZRT1,C6ZRT1
872,3847.C6ZRT2,C6ZRT2
873,3847.C6ZRT3,C6ZRT3
874,3847.C6ZRT6,C6ZRT6
875,3847.C6ZRU0,C6ZRU0
876,3847.C6ZRU3,C6ZRU3
877,3847.C6ZRU5,C6ZRU5
878,3847.C6ZRV6,C6ZRV6
879,3847.C6ZRW0,C6ZRW0
880,3847.C6ZRX2,C6ZRX2
881,3847.C6ZRX7,C6ZRX7
882,3847.C6ZRY5,C6ZRY5
883,3847.C6ZS05,C6ZS05
884,3847.D2DJQ3,D2DJQ3
885,3847.D2DKF1,D2DKF1
886,3847.D3G9M7,D3G9M7
887,3847.D4Q9Z4,D4Q9Z4
888,3847.D4Q9Z5,D4Q9Z5
889,3847.E9KBR8,E9KBR8
890,3847.E9KBR9,E9KBR9
891,3847.G0WMC8,G0WMC8
892,3847.G9F9U3,G9F9U3
893,3847.H2BER4,H2BER4
894,3847.H8Y6Q3,H8Y6Q3
895,3847.I1J3X8,I1J3X8
896,3847.I1J3Y4,I1J3Y4
897,3847.I1J4F8,I1J4F8
898,3847.I1J4I1,I1J4I1
899,3847.I1J4I4,I1J4I4
900,3847.I1J4J4,I1J4J4
901,3847.I1J4L6,I1J4L6
902,3847.I1J4Q3,I1J4Q3
903,3847.I1J4Q9,I1J4Q9
904,3847.I1J4Z0,I1J4Z0
905,3847.I1J525,I1J525
906,3847.I1J590,I1J590
907,3847.I1J5C5,I1J5C5
908,3847.I1J5E3,I1J5E3
909,3847.I1J5M1,I1J5M1
910,3847.I1J5P9,I1J5P9
911,3847.I1J5Q3,I1J5Q3
912,3847.I1J5V1,I1J5V1
913,3847.I1J5Z4,I1J5Z4
914,3847.I1J6H9,I1J6H9
915,3847.I1J6P1,I1J6P1
916,3847.I1J6Q7,I1J6Q7
917,3847.I1J6X1,I1J6X1
918,3847.I1J6X2,I1J6X2
919,3847.I1J6X7,I1J6X7
920,3847.I1J6Y3,I1J6Y3
921,3847.I1J7I3,I1J7I3
922,3847.I1J7N4,I1J7N4
923,3847.I1J7S0,I1J7S0
924,3847.I1J7U9,I1J7U9
925,3847.I1J892,I1J892
926,3847.I1J893,I1J893
927,3847.I1J8A4,I1J8A4
928,3847.I1J8C9,I1J8C9
929,3847.I1J8D7,I1J8D7
930,3847.I1J8L3,I1J8L3
931,3847.I1J8T0,I1J8T0
932,3847.I1J8Y3,I1J8Y3
933,3847.I1J8Z3,I1J8Z3
934,3847.I1J959,I1J959
935,3847.I1J960,I1J960
936,3847.I1J979,I1J979
937,3847.I1J981,I1J981
938,3847.I1J999,I1J999
939,3847.I1J9D5,I1J9D5
940,3847.I1J9F4,I1J9F4
941,3847.I1J9G1,I1J9G1
942,3847.I1J9H2,I1J9H2
943,3847.I1J9P7,I1J9P7
944,3847.I1J9Y6,I1J9Y6
945,3847.I1JA26,I1JA26
946,3847.I1JA52,I1JA52
947,3847.I1JA62,I1JA62
948,3847.I1JAE9,I1JAE9
949,3847.I1JAF6,I1JAF6
950,3847.I1JAM6,I1JAM6
951,3847.I1JAM7,I1JAM7
952,3847.I1JAR3,I1JAR3
953,3847.I1JAS1,I1JAS1
954,3847.I1JAW9,I1JAW9
955,3847.I1JB00,I1JB00
956,3847.I1JB35,I1JB35
957,3847.I1JB48,I1JB48
958,3847.I1JB59,I1JB59
959,3847.I1JB62,I1JB62
960,3847.I1JBD7,I1JBD7
961,3847.I1JBF4,I1JBF4
962,3847.I1JBI0,I1JBI0
963,3847.I1JBN6,I1JBN6
964,3847.I1JBV1,I1JBV1
965,3847.I1JBV6,I1JBV6
966,3847.I1JC18,I1JC18
967,3847.I1JC30,I1JC30
968,3847.I1JC50,I1JC50
969,3847.I1JCA9,I1JCA9
970,3847.I1JCC0,I1JCC0
971,3847.I1JCG8,I1JCG8
972,3847.I1JCP2,I1JCP2
973,3847.I1JCS7,I1JCS7
974,3847.I1JCY3,I1JCY3
975,3847.I1JCZ1,I1JCZ1
976,3847.I1JCZ8,I1JCZ8
977,3847.I1JD76,I1JD76
978,3847.I1JD78,I1JD78
979,3847.I1JD92,I1JD92
980,3847.I1JDC7,I1JDC7
981,3847.I1JDD7,I1JDD7
982,3847.I1JDE1,I1JDE1
983,3847.I1JDG3,I1JDG3
984,3847.I1JDL1,I1JDL1
985,3847.I1JDL2,I1JDL2
986,3847.I1JDU5,I1JDU5
987,3847.I1JDW9,I1JDW9
988,3847.I1JDX0,I1JDX0
989,3847.I1JE03,I1JE03
990,3847.I1JE14,I1JE14
991,3847.I1JE16,I1JE16
992,3847.I1JE17,I1JE17
993,3847.I1JE21,I1JE21
994,3847.I1JE40,I1JE40
995,3847.I1JE91,I1JE91
996,3847.I1JEG8,I1JEG8
997,3847.I1JEL8,I1JEL8
998,3847.I1JEM0,I1JEM0
999,3847.I1JEM3,I1JEM3
1000,3847.I1JEN2,I1JEN2
1001,3847.I1JER5,I1JER5
1002,3847.I1JET9,I1JET9
1003,3847.I1JEW5,I1JEW5
1004,3847.I1JEX8,I1JEX8
1005,3847.I1JEY0,I1JEY0
1006,3847.I1JEY3,I1JEY3
1007,3847.I1JF07,I1JF07
1008,3847.I1JF40,I1JF40
1009,3847.I1JF43,I1JF43
1010,3847.I1JF79,I1JF79
1011,3847.I1JFE0,I1JFE0
1012,3847.I1JFP7,I1JFP7
1013,3847.I1JFS9,I1JFS9
1014,3847.I1JFT2,I1JFT2
1015,3847.I1JG30,I1JG30
1016,3847.I1JG73,I1JG73
1017,3847.I1JG99,I1JG99
1018,3847.I1JGA5,I1JGA5
1019,3847.I1JGD2,I1JGD2
1020,3847.I1JGH3,I1JGH3
1021,3847.I1JGR7,I1JGR7
1022,3847.I1JH44,I1JH44
1023,3847.I1JH60,I1JH60
1024,3847.I1JH80,I1JH80
1025,3847.I1JHF8,I1JHF8
1026,3847.I1JHG3,I1JHG3
1027,3847.I1JHL5,I1JHL5
1028,3847.I1JHM8,I1JHM8
1029,3847.I1JHP2,I1JHP2
1030,3847.I1JHR7,I1JHR7
1031,3847.I1JHR9,I1JHR9
1032,3847.I1JHU5,I1JHU5
1033,3847.I1JHX3,I1JHX3
1034,3847.I1JI17,I1JI17
1035,3847.I1JI22,I1JI22
1036,3847.I1JI26,I1JI26
1037,3847.I1JI95,I1JI95
1038,3847.I1JID0,I1JID0
1039,3847.I1JIE7,I1JIE7
1040,3847.I1JIF1,I1JIF1
1041,3847.I1JIJ9,I1JIJ9
1042,3847.I1JIL9,I1JIL9
1043,3847.I1JIP1,I1JIP1
1044,3847.I1JIP4,I1JIP4
1045,3847.I1JIS7,I1JIS7
1046,3847.I1JJ62,I1JJ62
1047,3847.I1JJ63,I1JJ63
1048,3847.I1JJC5,I1JJC5
1049,3847.I1JJG5,I1JJG5
1050,3847.I1JJM2,I1JJM2
1051,3847.I1JJP2,I1JJP2
1052,3847.I1JJR2,I1JJR2
1053,3847.I1JJV1,I1JJV1
1054,3847.I1JJV5,I1JJV5
1055,3847.I1JK46,I1JK46
1056,3847.I1JK55,I1JK55
1057,3847.I1JK87,I1JK87
1058,3847.I1JK97,I1JK97
1059,3847.I1JKC0,I1JKC0
1060,3847.I1JKE2,I1JKE2
1061,3847.I1JKF4,I1JKF4
1062,3847.I1JKI1,I1JKI1
1063,3847.I1JKI5,I1JKI5
1064,3847.I1JKN0,I1JKN0
1065,3847.I1JKP7,I1JKP7
1066,3847.I1JKU0,I1JKU0
1067,3847.I1JKU9,I1JKU9
1068,3847.I1JKV2,I1JKV2
1069,3847.I1JKW5,I1JKW5
1070,3847.I1JKY4,I1JKY4
1071,3847.I1JL13,I1JL13
1072,3847.I1JL89,I1JL89
1073,3847.I1JLM6,I1JLM6
1074,3847.I1JLN5,I1JLN5
1075,3847.I1JLW3,I1JLW3
1076,3847.I1JM63,I1JM63
1077,3847.I1JMA7,I1JMA7
1078,3847.I1JMD6,I1JMD6
1079,3847.I1JMI6,I1JMI6
1080,3847.I1JMQ0,I1JMQ0
1081,3847.I1JMU6,I1JMU6
1082,3847.I1JMU7,I1JMU7
1083,3847.I1JMX8,I1JMX8
1084,3847.I1JN56,I1JN56
1085,3847.I1JNE4,I1JNE4
1086,3847.I1JNF3,I1JNF3
1087,3847.I1JNF9,I1JNF9
1088,3847.I1JNG2,I1JNG2
1089,3847.I1JNH0,I1JNH0
1090,3847.I1JNQ1,I1JNQ1
1091,3847.I1JNW2,I1JNW2
1092,3847.I1JNX1,I1JNX1
1093,3847.I1JNZ9,I1JNZ9
1094,3847.I1JP48,I1JP48
1095,3847.I1JP50,I1JP50
1096,3847.I1JPA6,I1JPA6
1097,3847.I1JPD1,I1JPD1
1098,3847.I1JPE8,I1JPE8
1099,3847.I1JPJ7,I1JPJ7
1100,3847.I1JPN0,I1JPN0
1101,3847.I1JPQ2,I1JPQ2
1102,3847.I1JPS8,I1JPS8
1103,3847.I1JPS9,I1JPS9
1104,3847.I1JPT0,I1JPT0
1105,3847.I1JPT1,I1JPT1
1106,3847.I1JPT2,I1JPT2
1107,3847.I1JPT3,I1JPT3
1108,3847.I1JPT5,I1JPT5
1109,3847.I1JPU3,I1JPU3
1110,3847.I1JPU8,I1JPU8
1111,3847.I1JPV5,I1JPV5
1112,3847.I1JPV7,I1JPV7
1113,3847.I1JPX3,I1JPX3
1114,3847.I1JQ22,I1JQ22
1115,3847.I1JQ94,I1JQ94
1116,3847.I1JQ95,I1JQ95
1117,3847.I1JQJ6,I1JQJ6
1118,3847.I1JQP1,I1JQP1
1119,3847.I1JQP8,I1JQP8
1120,3847.I1JQP9,I1JQP9
1121,3847.I1JQU5,I1JQU5
1122,3847.I1JQV8,I1JQV8
1123,3847.I1JR21,I1JR21
1124,3847.I1JRC5,I1JRC5
1125,3847.I1JRE0,I1JRE0
1126,3847.I1JRH4,I1JRH4
1127,3847.I1JRM0,I1JRM0
1128,3847.I1JRN7,I1JRN7
1129,3847.I1JRU8,I1JRU8
1130,3847.I1JS00,I1JS00
1131,3847.I1JS28,I1JS28
1132,3847.I1JS32,I1JS32
1133,3847.I1JS65,I1JS65
1134,3847.I1JSC3,I1JSC3
1135,3847.I1JSD2,I1JSD2
1136,3847.I1JSI1,I1JSI1
1137,3847.I1JSQ3,I1JSQ3
1138,3847.I1JSS2,I1JSS2
1139,3847.I1JSS8,I1JSS8
1140,3847.I1JST6,I1JST6
1141,3847.I1JT87,I1JT87
1142,3847.I1JTE2,I1JTE2
1143,3847.I1JTG4,I1JTG4
1144,3847.I1JTH7,I1JTH7
1145,3847.I1JTI9,I1JTI9
1146,3847.I1JTS4,I1JTS4
1147,3847.I1JTU1,I1JTU1
1148,3847.I1JTY6,I1JTY6
1149,3847.I1JTZ3,I1JTZ3
1150,3847.I1JU36,I1JU36
1151,3847.I1JU97,I1JU97
1152,3847.I1JUB7,I1JUB7
1153,3847.I1JUE0,I1JUE0
1154,3847.I1JUH4,I1JUH4
1155,3847.I1JUH5,I1JUH5
1156,3847.I1JUH8,I1JUH8
1157,3847.I1JUK7,I1JUK7
1158,3847.I1JUN7,I1JUN7
1159,3847.I1JUP0,I1JUP0
1160,3847.I1JUP2,I1JUP2
1161,3847.I1JUS6,I1JUS6
1162,3847.I1JUU0,I1JUU0
1163,3847.I1JUX3,I1JUX3
1164,3847.I1JUY7,I1JUY7
1165,3847.I1JUZ7,I1JUZ7
1166,3847.I1JV15,I1JV15
1167,3847.I1JV67,I1JV67
1168,3847.I1JV83,I1JV83
1169,3847.I1JVD1,I1JVD1
1170,3847.I1JVL9,I1JVL9
1171,3847.I1JVN2,I1JVN2
1172,3847.I1JVN4,I1JVN4
1173,3847.I1JW56,I1JW56
1174,3847.I1JW76,I1JW76
1175,3847.I1JWF0,I1JWF0
1176,3847.I1JWL9,I1JWL9
1177,3847.I1JWR6,I1JWR6
1178,3847.I1JWV5,I1JWV5
1179,3847.I1JWV8,I1JWV8
1180,3847.I1JWW2,I1JWW2
1181,3847.I1JX24,I1JX24
1182,3847.I1JX38,I1JX38
1183,3847.I1JX62,I1JX62
1184,3847.I1JX70,I1JX70
1185,3847.I1JXA2,I1JXA2
1186,3847.I1JXC4,I1JXC4
1187,3847.I1JXD2,I1JXD2
1188,3847.I1JXE0,I1JXE0
1189,3847.I1JXG5,I1JXG5
1190,3847.I1JXR7,I1JXR7
1191,3847.I1JXS5,I1JXS5
1192,3847.I1JXZ6,I1JXZ6
1193,3847.I1JY04,I1JY04
1194,3847.I1JY21,I1JY21
1195,3847.I1JY45,I1JY45
1196,3847.I1JY66,I1JY66
1197,3847.I1JY87,I1JY87
1198,3847.I1JY96,I1JY96
1199,3847.I1JYC1,I1JYC1
1200,3847.I1JYD4,I1JYD4
1201,3847.I1JYH5,I1JYH5
1202,3847.I1JYK8,I1JYK8
1203,3847.I1JYR0,I1JYR0
1204,3847.I1JYT8,I1JYT8
1205,3847.I1JYV8,I1JYV8
1206,3847.I1JYW0,I1JYW0
1207,3847.I1JZ19,I1JZ19
1208,3847.I1JZA2,I1JZA2
1209,3847.I1JZA5,I1JZA5
1210,3847.I1JZB2,I1JZB2
1211,3847.I1JZE1,I1JZE1
1212,3847.I1JZK2,I1JZK2
1213,3847.I1JZM1,I1JZM1
1214,3847.I1JZZ2,I1JZZ2
1215,3847.I1K060,I1K060
1216,3847.I1K064,I1K064
1217,3847.I1K081,I1K081
1218,3847.I1K089,I1K089
1219,3847.I1K090,I1K090
1220,3847.I1K0D2,I1K0D2
1221,3847.I1K0H5,I1K0H5
1222,3847.I1K0P7,I1K0P7
1223,3847.I1K0X3,I1K0X3
1224,3847.I1K0X7,I1K0X7
1225,3847.I1K108,I1K108
1226,3847.I1K117,I1K117
1227,3847.I1K1C8,I1K1C8
1228,3847.I1K1E4,I1K1E4
1229,3847.I1K1F4,I1K1F4
1230,3847.I1K1M4,I1K1M4
1231,3847.I1K1R2,I1K1R2
1232,3847.I1K1Z6,I1K1Z6
1233,3847.I1K203,I1K203
1234,3847.I1K213,I1K213
1235,3847.I1K220,I1K220
1236,3847.I1K246,I1K246
1237,3847.I1K273,I1K273
1238,3847.I1K2D0,I1K2D0
1239,3847.I1K2W7,I1K2W7
1240,3847.I1K2W8,I1K2W8
1241,3847.I1K2W9,I1K2W9
1242,3847.I1K2X2,I1K2X2
1243,3847.I1K2X4,I1K2X4
1244,3847.I1K2X6,I1K2X6
1245,3847.I1K2X7,I1K2X7
1246,3847.I1K307,I1K307
1247,3847.I1K3B8,I1K3B8
1248,3847.I1K3D7,I1K3D7
1249,3847.I1K3G1,I1K3G1
1250,3847.I1K3K6,I1K3K6
1251,3847.I1K3L4,I1K3L4
1252,3847.I1K3Q8,I1K3Q8
1253,3847.I1K3Q9,I1K3Q9
1254,3847.I1K404,I1K404
1255,3847.I1K429,I1K429
1256,3847.I1K437,I1K437
1257,3847.I1K4B1,I1K4B1
1258,3847.I1K4M2,I1K4M2
1259,3847.I1K4U7,I1K4U7
1260,3847.I1K4V8,I1K4V8
1261,3847.I1K4X0,I1K4X0
1262,3847.I1K4X3,I1K4X3
1263,3847.I1K4X8,I1K4X8
1264,3847.I1K4Y6,I1K4Y6
1265,3847.I1K4Z1,I1K4Z1
1266,3847.I1K533,I1K533
1267,3847.I1K569,I1K569
1268,3847.I1K573,I1K573
1269,3847.I1K586,I1K586
1270,3847.I1K5A7,I1K5A7
1271,3847.I1K5D0,I1K5D0
1272,3847.I1K5D4,I1K5D4
1273,3847.I1K5D9,I1K5D9
1274,3847.I1K5E8,I1K5E8
1275,3847.I1K5J4,I1K5J4
1276,3847.I1K5M8,I1K5M8
1277,3847.I1K5W4,I1K5W4
1278,3847.I1K5W8,I1K5W8
1279,3847.I1K5Z4,I1K5Z4
1280,3847.I1K653,I1K653
1281,3847.I1K654,I1K654
1282,3847.I1K689,I1K689
1283,3847.I1K6B6,I1K6B6
1284,3847.I1K6J9,I1K6J9
1285,3847.I1K6K6,I1K6K6
1286,3847.I1K6Q7,I1K6Q7
1287,3847.I1K6R2,I1K6R2
1288,3847.I1K754,I1K754
1289,3847.I1K764,I1K764
1290,3847.I1K772,I1K772
1291,3847.I1K773,I1K773
1292,3847.I1K784,I1K784
1293,3847.I1K7A1,I1K7A1
1294,3847.I1K7A4,I1K7A4
1295,3847.I1K7B6,I1K7B6
1296,3847.I1K7C5,I1K7C5
1297,3847.I1K7U4,I1K7U4
1298,3847.I1K7W6,I1K7W6
1299,3847.I1K885,I1K885
1300,3847.I1K8E5,I1K8E5
1301,3847.I1K8H8,I1K8H8
1302,3847.I1K8I9,I1K8I9
1303,3847.I1K8R3,I1K8R3
1304,3847.I1K8W4,I1K8W4
1305,3847.I1K8Z6,I1K8Z6
1306,3847.I1K925,I1K925
1307,3847.I1K963,I1K963
1308,3847.I1K978,I1K978
1309,3847.I1K988,I1K988
1310,3847.I1K9B9,I1K9B9
1311,3847.I1K9F2,I1K9F2
1312,3847.I1K9F9,I1K9F9
1313,3847.I1K9I0,I1K9I0
1314,3847.I1K9J8,I1K9J8
1315,3847.I1K9K2,I1K9K2
1316,3847.I1K9K8,I1K9K8
1317,3847.I1K9Q4,I1K9Q4
1318,3847.I1K9R6,I1K9R6
1319,3847.I1K9X5,I1K9X5
1320,3847.I1KA36,I1KA36
1321,3847.I1KA48,I1KA48
1322,3847.I1KA55,I1KA55
1323,3847.I1KA71,I1KA71
1324,3847.I1KAF1,I1KAF1
1325,3847.I1KAL8,I1KAL8
1326,3847.I1KAM0,I1KAM0
1327,3847.I1KAP8,I1KAP8
1328,3847.I1KAQ3,I1KAQ3
1329,3847.I1KAR3,I1KAR3
1330,3847.I1KAR7,I1KAR7
1331,3847.I1KAT2,I1KAT2
1332,3847.I1KAY9,I1KAY9
1333,3847.I1KB21,I1KB21
1334,3847.I1KB57,I1KB57
1335,3847.I1KB74,I1KB74
1336,3847.I1KB95,I1KB95
1337,3847.I1KBA7,I1KBA7
1338,3847.I1KBB6,I1KBB6
1339,3847.I1KBD9,I1KBD9
1340,3847.I1KBF7,I1KBF7
1341,3847.I1KBH2,I1KBH2
1342,3847.I1KBH4,I1KBH4
1343,3847.I1KBI7,I1KBI7
1344,3847.I1KBJ1,I1KBJ1
1345,3847.I1KBK0,I1KBK0
1346,3847.I1KBL0,I1KBL0
1347,3847.I1KBL7,I1KBL7
1348,3847.I1KBS0,I1KBS0
1349,3847.I1KBV7,I1KBV7
1350,3847.I1KBW3,I1KBW3
1351,3847.I1KBZ2,I1KBZ2
1352,3847.I1KC01,I1KC01
1353,3847.I1KC25,I1KC25
1354,3847.I1KC74,I1KC74
1355,3847.I1KC90,I1KC90
1356,3847.I1KC99,I1KC99
1357,3847.I1KCA7,I1KCA7
1358,3847.I1KCD5,I1KCD5
1359,3847.I1KCH4,I1KCH4
1360,3847.I1KCH7,I1KCH7
1361,3847.I1KCI0,I1KCI0
1362,3847.I1KCI3,I1KCI3
1363,3847.I1KCJ8,I1KCJ8
1364,3847.I1KCS6,I1KCS6
1365,3847.I1KD09,I1KD09
1366,3847.I1KD40,I1KD40
1367,3847.I1KD45,I1KD45
1368,3847.I1KD85,I1KD85
1369,3847.I1KDA1,I1KDA1
1370,3847.I1KDD2,I1KDD2
1371,3847.I1KDI6,I1KDI6
1372,3847.I1KDM0,I1KDM0
1373,3847.I1KDT9,I1KDT9
1374,3847.I1KDU0,I1KDU0
1375,3847.I1KEC8,I1KEC8
1376,3847.I1KEF1,I1KEF1
1377,3847.I1KEM9,I1KEM9
1378,3847.I1KEV6,I1KEV6
1379,3847.I1KF16,I1KF16
1380,3847.I1KF23,I1KF23
1381,3847.I1KFD4,I1KFD4
1382,3847.I1KFG0,I1KFG0
1383,3847.I1KFP7,I1KFP7
1384,3847.I1KFV4,I1KFV4
1385,3847.I1KFV5,I1KFV5
1386,3847.I1KFX9,I1KFX9
1387,3847.I1KFY7,I1KFY7
1388,3847.I1KG02,I1KG02
1389,3847.I1KG21,I1KG21
1390,3847.I1KG63,I1KG63
1391,3847.I1KG93,I1KG93
1392,3847.I1KGE2,I1KGE2
1393,3847.I1KGG3,I1KGG3
1394,3847.I1KGH5,I1KGH5
1395,3847.I1KGJ5,I1KGJ5
1396,3847.I1KGS8,I1KGS8
1397,3847.I1KGY4,I1KGY4
1398,3847.I1KH57,I1KH57
1399,3847.I1KH71,I1KH71
1400,3847.I1KHD6,I1KHD6
1401,3847.I1KHI1,I1KHI1
1402,3847.I1KHK4,I1KHK4
1403,3847.I1KHL1,I1KHL1
1404,3847.I1KHM7,I1KHM7
1405,3847.I1KHN2,I1KHN2
1406,3847.I1KHS7,I1KHS7
1407,3847.I1KHV0,I1KHV0
1408,3847.I1KIC2,I1KIC2
1409,3847.I1KIE4,I1KIE4
1410,3847.I1KIE5,I1KIE5
1411,3847.I1KIE7,I1KIE7
1412,3847.I1KIE8,I1KIE8
1413,3847.I1KIH2,I1KIH2
1414,3847.I1KIH5,I1KIH5
1415,3847.I1KIK7,I1KIK7
1416,3847.I1KIL6,I1KIL6
1417,3847.I1KIN9,I1KIN9
1418,3847.I1KIQ3,I1KIQ3
1419,3847.I1KIZ4,I1KIZ4
1420,3847.I1KJ44,I1KJ44
1421,3847.I1KJ87,I1KJ87
1422,3847.I1KJB0,I1KJB0
1423,3847.I1KJB1,I1KJB1
1424,3847.I1KJD9,I1KJD9
1425,3847.I1KJF1,I1KJF1
1426,3847.I1KJI7,I1KJI7
1427,3847.I1KJN2,I1KJN2
1428,3847.I1KJS2,I1KJS2
1429,3847.I1KJT2,I1KJT2
1430,3847.I1KJW8,I1KJW8
1431,3847.I1KJX1,I1KJX1
1432,3847.I1KJX6,I1KJX6
1433,3847.I1KK20,I1KK20
1434,3847.I1KK21,I1KK21
1435,3847.I1KK33,I1KK33
1436,3847.I1KK34,I1KK34
1437,3847.I1KK99,I1KK99
1438,3847.I1KKN7,I1KKN7
1439,3847.I1KKS9,I1KKS9
1440,3847.I1KL06,I1KL06
1441,3847.I1KL34,I1KL34
1442,3847.I1KL62,I1KL62
1443,3847.I1KL63,I1KL63
1444,3847.I1KL64,I1KL64
1445,3847.I1KL68,I1KL68
1446,3847.I1KL69,I1KL69
1447,3847.I1KL76,I1KL76
1448,3847.I1KL80,I1KL80
1449,3847.I1KLB7,I1KLB7
1450,3847.I1KLD6,I1KLD6
1451,3847.I1KLF6,I1KLF6
1452,3847.I1KLK5,I1KLK5
1453,3847.I1KLQ1,I1KLQ1
1454,3847.I1KLS1,I1KLS1
1455,3847.I1KLU8,I1KLU8
1456,3847.I1KLW5,I1KLW5
1457,3847.I1KLX7,I1KLX7
1458,3847.I1KM10,I1KM10
1459,3847.I1KM13,I1KM13
1460,3847.I1KM27,I1KM27
1461,3847.I1KM32,I1KM32
1462,3847.I1KM78,I1KM78
1463,3847.I1KMC2,I1KMC2
1464,3847.I1KMD4,I1KMD4
1465,3847.I1KME9,I1KME9
1466,3847.I1KMK8,I1KMK8
1467,3847.I1KML2,I1KML2
1468,3847.I1KML6,I1KML6
1469,3847.I1KMR4,I1KMR4
1470,3847.I1KN33,I1KN33
1471,3847.I1KN63,I1KN63
1472,3847.I1KN68,I1KN68
1473,3847.I1KNF5,I1KNF5
1474,3847.I1KNH4,I1KNH4
1475,3847.I1KNH9,I1KNH9
1476,3847.I1KNN0,I1KNN0
1477,3847.I1KNS9,I1KNS9
1478,3847.I1KNZ5,I1KNZ5
1479,3847.I1KP17,I1KP17
1480,3847.I1KP46,I1KP46
1481,3847.I1KP60,I1KP60
1482,3847.I1KP88,I1KP88
1483,3847.I1KPA0,I1KPA0
1484,3847.I1KPH8,I1KPH8
1485,3847.I1KPJ5,I1KPJ5
1486,3847.I1KPK8,I1KPK8
1487,3847.I1KPN7,I1KPN7
1488,3847.I1KPN9,I1KPN9
1489,3847.I1KPP1,I1KPP1
1490,3847.I1KPQ1,I1KPQ1
1491,3847.I1KPS3,I1KPS3
1492,3847.I1KPS6,I1KPS6
1493,3847.I1KPV0,I1KPV0
1494,3847.I1KPW6,I1KPW6
1495,3847.I1KQ94,I1KQ94
1496,3847.I1KQC8,I1KQC8
1497,3847.I1KQG3,I1KQG3
1498,3847.I1KQJ1,I1KQJ1
1499,3847.I1KQJ4,I1KQJ4
1500,3847.I1KQJ7,I1KQJ7
1501,3847.I1KQM2,I1KQM2
1502,3847.I1KQQ0,I1KQQ0
1503,3847.I1KQQ2,I1KQQ2
1504,3847.I1KQQ3,I1KQQ3
1505,3847.I1KQR9,I1KQR9
1506,3847.I1KQT4,I1KQT4
1507,3847.I1KQT5,I1KQT5
1508,3847.I1KQU7,I1KQU7
1509,3847.I1KQV2,I1KQV2
1510,3847.I1KQW2,I1KQW2
1511,3847.I1KQW5,I1KQW5
1512,3847.I1KQW6,I1KQW6
1513,3847.I1KQW7,I1KQW7
1514,3847.I1KQX3,I1KQX3
1515,3847.I1KR03,I1KR03
1516,3847.I1KR60,I1KR60
1517,3847.I1KRA7,I1KRA7
1518,3847.I1KRA9,I1KRA9
1519,3847.I1KRB0,I1KRB0
1520,3847.I1KRB1,I1KRB1
1521,3847.I1KRB3,I1KRB3
1522,3847.I1KRB4,I1KRB4
1523,3847.I1KRB5,I1KRB5
1524,3847.I1KRB6,I1KRB6
1525,3847.I1KRG9,I1KRG9
1526,3847.I1KRJ0,I1KRJ0
1527,3847.I1KRK2,I1KRK2
1528,3847.I1KRK3,I1KRK3
1529,3847.I1KRQ8,I1KRQ8
1530,3847.I1KRS0,I1KRS0
1531,3847.I1KRS6,I1KRS6
1532,3847.I1KRV5,I1KRV5
1533,3847.I1KRW2,I1KRW2
1534,3847.I1KRY2,I1KRY2
1535,3847.I1KRZ2,I1KRZ2
1536,3847.I1KRZ8,I1KRZ8
1537,3847.I1KS03,I1KS03
1538,3847.I1KS53,I1KS53
1539,3847.I1KS88,I1KS88
1540,3847.I1KSB2,I1KSB2
1541,3847.I1KSF2,I1KSF2
1542,3847.I1KSF7,I1KSF7
1543,3847.I1KSH8,I1KSH8
1544,3847.I1KSM1,I1KSM1
1545,3847.I1KSM4,I1KSM4
1546,3847.I1KSP3,I1KSP3
1547,3847.I1KSR5,I1KSR5
1548,3847.I1KSR8,I1KSR8
1549,3847.I1KSU2,I1KSU2
1550,3847.I1KT81,I1KT81
1551,3847.I1KTE1,I1KTE1
1552,3847.I1KTF9,I1KTF9
1553,3847.I1KTG2,I1KTG2
1554,3847.I1KTP1,I1KTP1
1555,3847.I1KTP6,I1KTP6
1556,3847.I1KTQ4,I1KTQ4
1557,3847.I1KTS4,I1KTS4
1558,3847.I1KTT7,I1KTT7
1559,3847.I1KTX8,I1KTX8
1560,3847.I1KTY1,I1KTY1
1561,3847.I1KTY2,I1KTY2
1562,3847.I1KTY9,I1KTY9
1563,3847.I1KU12,I1KU12
1564,3847.I1KU78,I1KU78
1565,3847.I1KUC2,I1KUC2
1566,3847.I1KUL7,I1KUL7
1567,3847.I1KUM8,I1KUM8
1568,3847.I1KUQ9,I1KUQ9
1569,3847.I1KV07,I1KV07
1570,3847.I1KV15,I1KV15
1571,3847.I1KV29,I1KV29
1572,3847.I1KVA1,I1KVA1
1573,3847.I1KVA2,I1KVA2
1574,3847.I1KVA3,I1KVA3
1575,3847.I1KVG9,I1KVG9
1576,3847.I1KVM7,I1KVM7
1577,3847.I1KVV7,I1KVV7
1578,3847.I1KVY3,I1KVY3
1579,3847.I1KVZ0,I1KVZ0
1580,3847.I1KW09,I1KW09
1581,3847.I1KW26,I1KW26
1582,3847.I1KW58,I1KW58
1583,3847.I1KWA3,I1KWA3
1584,3847.I1KWA5,I1KWA5
1585,3847.I1KWC6,I1KWC6
1586,3847.I1KWH3,I1KWH3
1587,3847.I1KWR5,I1KWR5
1588,3847.I1KWU8,I1KWU8
1589,3847.I1KWW6,I1KWW6
1590,3847.I1KX12,I1KX12
1591,3847.I1KX93,I1KX93
1592,3847.I1KXB8,I1KXB8
1593,3847.I1KXF7,I1KXF7
1594,3847.I1KXH0,I1KXH0
1595,3847.I1KXM5,I1KXM5
1596,3847.I1KXR4,I1KXR4
1597,3847.I1KXT4,I1KXT4
1598,3847.I1KXV5,I1KXV5
1599,3847.I1KY06,I1KY06
1600,3847.I1KY09,I1KY09
1601,3847.I1KY16,I1KY16
1602,3847.I1KY20,I1KY20
1603,3847.I1KY25,I1KY25
1604,3847.I1KY39,I1KY39
1605,3847.I1KY45,I1KY45
1606,3847.I1KY83,I1KY83
1607,3847.I1KYG5,I1KYG5
1608,3847.I1KYK7,I1KYK7
1609,3847.I1KYK8,I1KYK8
1610,3847.I1KYN2,I1KYN2
1611,3847.I1KYP9,I1KYP9
1612,3847.I1KYQ1,I1KYQ1
1613,3847.I1KYQ2,I1KYQ2
1614,3847.I1KYQ3,I1KYQ3
1615,3847.I1KYQ5,I1KYQ5
1616,3847.I1KYV2,I1KYV2
1617,3847.I1KZ08,I1KZ08
1618,3847.I1KZ34,I1KZ34
1619,3847.I1KZ41,I1KZ41
1620,3847.I1KZ42,I1KZ42
1621,3847.I1KZ46,I1KZ46
1622,3847.I1KZ72,I1KZ72
1623,3847.I1KZ97,I1KZ97
1624,3847.I1KZH6,I1KZH6
1625,3847.I1KZI1,I1KZI1
1626,3847.I1KZM7,I1KZM7
1627,3847.I1KZR6,I1KZR6
1628,3847.I1KZV9,I1KZV9
1629,3847.I1KZW7,I1KZW7
1630,3847.I1KZX0,I1KZX0
1631,3847.I1L011,I1L011
1632,3847.I1L053,I1L053
1633,3847.I1L071,I1L071
1634,3847.I1L094,I1L094
1635,3847.I1L0B2,I1L0B2
1636,3847.I1L0D6,I1L0D6
1637,3847.I1L0H6,I1L0H6
1638,3847.I1L0H7,I1L0H7
1639,3847.I1L0H9,I1L0H9
1640,3847.I1L0I0,I1L0I0
1641,3847.I1L0I8,I1L0I8
1642,3847.I1L0J0,I1L0J0
1643,3847.I1L0N0,I1L0N0
1644,3847.I1L0R1,I1L0R1
1645,3847.I1L158,I1L158
1646,3847.I1L1K9,I1L1K9
1647,3847.I1L1P9,I1L1P9
1648,3847.I1L1Q5,I1L1Q5
1649,3847.I1L1U2,I1L1U2
1650,3847.I1L1V3,I1L1V3
1651,3847.I1L2F0,I1L2F0
1652,3847.I1L2S0,I1L2S0
1653,3847.I1L2T4,I1L2T4
1654,3847.I1L2Y4,I1L2Y4
1655,3847.I1L2Y7,I1L2Y7
1656,3847.I1L2Z0,I1L2Z0
1657,3847.I1L2Z1,I1L2Z1
1658,3847.I1L330,I1L330
1659,3847.I1L345,I1L345
1660,3847.I1L348,I1L348
1661,3847.I1L3C1,I1L3C1
1662,3847.I1L3C2,I1L3C2
1663,3847.I1L3C6,I1L3C6
1664,3847.I1L3C9,I1L3C9
1665,3847.I1L3F8,I1L3F8
1666,3847.I1L3G4,I1L3G4
1667,3847.I1L3L3,I1L3L3
1668,3847.I1L3R6,I1L3R6
1669,3847.I1L3T1,I1L3T1
1670,3847.I1L3W9,I1L3W9
1671,3847.I1L3X9,I1L3X9
1672,3847.I1L3Z8,I1L3Z8
1673,3847.I1L423,I1L423
1674,3847.I1L468,I1L468
1675,3847.I1L4I8,I1L4I8
1676,3847.I1L4T1,I1L4T1
1677,3847.I1L4U2,I1L4U2
1678,3847.I1L4Y5,I1L4Y5
1679,3847.I1L507,I1L507
1680,3847.I1L510,I1L510
1681,3847.I1L540,I1L540
1682,3847.I1L555,I1L555
1683,3847.I1L5G1,I1L5G1
1684,3847.I1L5G4,I1L5G4
1685,3847.I1L5P2,I1L5P2
1686,3847.I1L5R3,I1L5R3
1687,3847.I1L627,I1L627
1688,3847.I1L632,I1L632
1689,3847.I1L633,I1L633
1690,3847.I1L657,I1L657
1691,3847.I1L665,I1L665
1692,3847.I1L6C2,I1L6C2
1693,3847.I1L6F5,I1L6F5
1694,3847.I1L6G8,I1L6G8
1695,3847.I1L6I6,I1L6I6
1696,3847.I1L6M9,I1L6M9
1697,3847.I1L6R1,I1L6R1
1698,3847.I1L6S2,I1L6S2
1699,3847.I1L6V6,I1L6V6
1700,3847.I1L6Y8,I1L6Y8
1701,3847.I1L703,I1L703
1702,3847.I1L710,I1L710
1703,3847.I1L7C8,I1L7C8
1704,3847.I1L7H1,I1L7H1
1705,3847.I1L7I9,I1L7I9
1706,3847.I1L7M7,I1L7M7
1707,3847.I1L7N7,I1L7N7
1708,3847.I1L7R7,I1L7R7
1709,3847.I1L7S6,I1L7S6
1710,3847.I1L805,I1L805
1711,3847.I1L868,I1L868
1712,3847.I1L899,I1L899
1713,3847.I1L8D1,I1L8D1
1714,3847.I1L8E5,I1L8E5
1715,3847.I1L8E8,I1L8E8
1716,3847.I1L8E9,I1L8E9
1717,3847.I1L8Q5,I1L8Q5
1718,3847.I1L8R4,I1L8R4
1719,3847.I1L8S9,I1L8S9
1720,3847.I1L8X2,I1L8X2
1721,3847.I1L905,I1L905
1722,3847.I1L919,I1L919
1723,3847.I1L932,I1L932
1724,3847.I1L936,I1L936
1725,3847.I1L942,I1L942
1726,3847.I1L955,I1L955
1727,3847.I1L959,I1L959
1728,3847.I1L964,I1L964
1729,3847.I1L966,I1L966
1730,3847.I1L967,I1L967
1731,3847.I1L9A9,I1L9A9
1732,3847.I1L9K7,I1L9K7
1733,3847.I1L9T8,I1L9T8
1734,3847.I1L9V0,I1L9V0
1735,3847.I1L9Y6,I1L9Y6
1736,3847.I1LA26,I1LA26
1737,3847.I1LA33,I1LA33
1738,3847.I1LAB8,I1LAB8
1739,3847.I1LAH7,I1LAH7
1740,3847.I1LAT9,I1LAT9
1741,3847.I1LB04,I1LB04
1742,3847.I1LB22,I1LB22
1743,3847.I1LBC7,I1LBC7
1744,3847.I1LBG8,I1LBG8
1745,3847.I1LBH2,I1LBH2
1746,3847.I1LBH7,I1LBH7
1747,3847.I1LBI3,I1LBI3
1748,3847.I1LBM8,I1LBM8
1749,3847.I1LBU3,I1LBU3
1750,3847.I1LBX4,I1LBX4
1751,3847.I1LBY1,I1LBY1
1752,3847.I1LC19,I1LC19
1753,3847.I1LC21,I1LC21
1754,3847.I1LC39,I1LC39
1755,3847.I1LC78,I1LC78
1756,3847.I1LCE1,I1LCE1
1757,3847.I1LCI8,I1LCI8
1758,3847.I1LCJ1,I1LCJ1
1759,3847.I1LCP7,I1LCP7
1760,3847.I1LCQ1,I1LCQ1
1761,3847.I1LCQ5,I1LCQ5
1762,3847.I1LCX7,I1LCX7
1763,3847.I1LCY2,I1LCY2
1764,3847.I1LD03,I1LD03
1765,3847.I1LD10,I1LD10
1766,3847.I1LD16,I1LD16
1767,3847.I1LD20,I1LD20
1768,3847.I1LD65,I1LD65
1769,3847.I1LD88,I1LD88
1770,3847.I1LDB6,I1LDB6
1771,3847.I1LDE4,I1LDE4
1772,3847.I1LDI3,I1LDI3
1773,3847.I1LDJ1,I1LDJ1
1774,3847.I1LDM5,I1LDM5
1775,3847.I1LDN7,I1LDN7
1776,3847.I1LDW8,I1LDW8
1777,3847.I1LDX6,I1LDX6
1778,3847.I1LDZ0,I1LDZ0
1779,3847.I1LE77,I1LE77
1780,3847.I1LE84,I1LE84
1781,3847.I1LEB8,I1LEB8
1782,3847.I1LEC3,I1LEC3
1783,3847.I1LEJ9,I1LEJ9
1784,3847.I1LEK0,I1LEK0
1785,3847.I1LEU4,I1LEU4
1786,3847.I1LEV7,I1LEV7
1787,3847.I1LF29,I1LF29
1788,3847.I1LFE3,I1LFE3
1789,3847.I1LFF1,I1LFF1
1790,3847.I1LFH1,I1LFH1
1791,3847.I1LFN3,I1LFN3
1792,3847.I1LFR2,I1LFR2
1793,3847.I1LFR5,I1LFR5
1794,3847.I1LFV0,I1LFV0
1795,3847.I1LFY4,I1LFY4
1796,3847.I1LFY5,I1LFY5
1797,3847.I1LFY8,I1LFY8
1798,3847.I1LFZ3,I1LFZ3
1799,3847.I1LG10,I1LG10
1800,3847.I1LG62,I1LG62
1801,3847.I1LGA7,I1LGA7
1802,3847.I1LGA9,I1LGA9
1803,3847.I1LGG6,I1LGG6
1804,3847.I1LGI7,I1LGI7
1805,3847.I1LGJ9,I1LGJ9
1806,3847.I1LGL6,I1LGL6
1807,3847.I1LGW0,I1LGW0
1808,3847.I1LH72,I1LH72
1809,3847.I1LHB1,I1LHB1
1810,3847.I1LHF3,I1LHF3
1811,3847.I1LHF5,I1LHF5
1812,3847.I1LHM6,I1LHM6
1813,3847.I1LHU6,I1LHU6
1814,3847.I1LI15,I1LI15
1815,3847.I1LI78,I1LI78
1816,3847.I1LI96,I1LI96
1817,3847.I1LIA8,I1LIA8
1818,3847.I1LID3,I1LID3
1819,3847.I1LIE6,I1LIE6
1820,3847.I1LIE7,I1LIE7
1821,3847.I1LIG9,I1LIG9
1822,3847.I1LIM1,I1LIM1
1823,3847.I1LIM9,I1LIM9
1824,3847.I1LIR1,I1LIR1
1825,3847.I1LIX4,I1LIX4
1826,3847.I1LJ54,I1LJ54
1827,3847.I1LJC2,I1LJC2
1828,3847.I1LJC4,I1LJC4
1829,3847.I1LJG0,I1LJG0
1830,3847.I1LJG4,I1LJG4
1831,3847.I1LJH6,I1LJH6
1832,3847.I1LJP3,I1LJP3
1833,3847.I1LJR4,I1LJR4
1834,3847.I1LK24,I1LK24
1835,3847.I1LK32,I1LK32
1836,3847.I1LKM7,I1LKM7
1837,3847.I1LKS8,I1LKS8
1838,3847.I1LKT6,I1LKT6
1839,3847.I1LKT9,I1LKT9
1840,3847.I1LKV0,I1LKV0
1841,3847.I1LLE0,I1LLE0
1842,3847.I1LLH6,I1LLH6
1843,3847.I1LLL6,I1LLL6
1844,3847.I1LLN9,I1LLN9
1845,3847.I1LLR0,I1LLR0
1846,3847.I1LLV0,I1LLV0
1847,3847.I1LM73,I1LM73
1848,3847.I1LM80,I1LM80
1849,3847.I1LM84,I1LM84
1850,3847.I1LMA2,I1LMA2
1851,3847.I1LMD9,I1LMD9
1852,3847.I1LMH1,I1LMH1
1853,3847.I1LMQ2,I1LMQ2
1854,3847.I1LMU0,I1LMU0
1855,3847.I1LMU2,I1LMU2
1856,3847.I1LN32,I1LN32
1857,3847.I1LNA0,I1LNA0
1858,3847.I1LNB1,I1LNB1
1859,3847.I1LND2,I1LND2
1860,3847.I1LNP3,I1LNP3
1861,3847.I1LNV1,I1LNV1
1862,3847.I1LNX0,I1LNX0
1863,3847.I1LNZ1,I1LNZ1
1864,3847.I1LPE3,I1LPE3
1865,3847.I1LPE4,I1LPE4
1866,3847.I1LPJ5,I1LPJ5
1867,3847.I1LPK1,I1LPK1
1868,3847.I1LPT5,I1LPT5
1869,3847.I1LPW0,I1LPW0
1870,3847.I1LPW4,I1LPW4
1871,3847.I1LQ11,I1LQ11
1872,3847.I1LQ25,I1LQ25
1873,3847.I1LQ27,I1LQ27
1874,3847.I1LQ55,I1LQ55
1875,3847.I1LQ57,I1LQ57
1876,3847.I1LQ69,I1LQ69
1877,3847.I1LQF4,I1LQF4
1878,3847.I1LQQ2,I1LQQ2
1879,3847.I1LQR1,I1LQR1
1880,3847.I1LR27,I1LR27
1881,3847.I1LR32,I1LR32
1882,3847.I1LRB4,I1LRB4
1883,3847.I1LRE5,I1LRE5
1884,3847.I1LRF2,I1LRF2
1885,3847.I1LRF3,I1LRF3
1886,3847.I1LRF4,I1LRF4
1887,3847.I1LRK5,I1LRK5
1888,3847.I1LRL5,I1LRL5
1889,3847.I1LRQ0,I1LRQ0
1890,3847.I1LS13,I1LS13
1891,3847.I1LS35,I1LS35
1892,3847.I1LS36,I1LS36
1893,3847.I1LS93,I1LS93
1894,3847.I1LSM4,I1LSM4
1895,3847.I1LSN3,I1LSN3
1896,3847.I1LSS5,I1LSS5
1897,3847.I1LST5,I1LST5
1898,3847.I1LT08,I1LT08
1899,3847.I1LT87,I1LT87
1900,3847.I1LTA4,I1LTA4
1901,3847.I1LTN1,I1LTN1
1902,3847.I1LTP7,I1LTP7
1903,3847.I1LTS9,I1LTS9
1904,3847.I1LTU1,I1LTU1
1905,3847.I1LTU2,I1LTU2
1906,3847.I1LU00,I1LU00
1907,3847.I1LU01,I1LU01
1908,3847.I1LU32,I1LU32
1909,3847.I1LU34,I1LU34
1910,3847.I1LU35,I1LU35
1911,3847.I1LU36,I1LU36
1912,3847.I1LU37,I1LU37
1913,3847.I1LU50,I1LU50
1914,3847.I1LUC0,I1LUC0
1915,3847.I1LUH2,I1LUH2
1916,3847.I1LUR4,I1LUR4
1917,3847.I1LV08,I1LV08
1918,3847.I1LV29,I1LV29
1919,3847.I1LV96,I1LV96
1920,3847.I1LVB3,I1LVB3
1921,3847.I1LVB4,I1LVB4
1922,3847.I1LVC2,I1LVC2
1923,3847.I1LVD2,I1LVD2
1924,3847.I1LVI0,I1LVI0
1925,3847.I1LVJ0,I1LVJ0
1926,3847.I1LVS2,I1LVS2
1927,3847.I1LVU3,I1LVU3
1928,3847.I1LVU7,I1LVU7
1929,3847.I1LVV8,I1LVV8
1930,3847.I1LVX5,I1LVX5
1931,3847.I1LVY0,I1LVY0
1932,3847.I1LW28,I1LW28
1933,3847.I1LW31,I1LW31
1934,3847.I1LW34,I1LW34
1935,3847.I1LW39,I1LW39
1936,3847.I1LW41,I1LW41
1937,3847.I1LWB3,I1LWB3
1938,3847.I1LWG0,I1LWG0
1939,3847.I1LWM0,I1LWM0
1940,3847.I1LWM3,I1LWM3
1941,3847.I1LWN0,I1LWN0
1942,3847.I1LWU2,I1LWU2
1943,3847.I1LWV0,I1LWV0
1944,3847.I1LWV4,I1LWV4
1945,3847.I1LX01,I1LX01
1946,3847.I1LX18,I1LX18
1947,3847.I1LXD0,I1LXD0
1948,3847.I1LXD7,I1LXD7
1949,3847.I1LXD9,I1LXD9
1950,3847.I1LXE1,I1LXE1
1951,3847.I1LXF8,I1LXF8
1952,3847.I1LXF9,I1LXF9
1953,3847.I1LXJ0,I1LXJ0
1954,3847.I1LXV4,I1LXV4
1955,3847.I1LXW1,I1LXW1
1956,3847.I1LXX4,I1LXX4
1957,3847.I1LY63,I1LY63
1958,3847.I1LY76,I1LY76
1959,3847.I1LYI3,I1LYI3
1960,3847.I1LYL9,I1LYL9
1961,3847.I1LYM3,I1LYM3
1962,3847.I1LYQ5,I1LYQ5
1963,3847.I1LYQ6,I1LYQ6
1964,3847.I1LYQ9,I1LYQ9
1965,3847.I1LYU4,I1LYU4
1966,3847.I1LYZ7,I1LYZ7
1967,3847.I1LZ42,I1LZ42
1968,3847.I1LZ62,I1LZ62
1969,3847.I1LZ94,I1LZ94
1970,3847.I1LZB0,I1LZB0
1971,3847.I1LZB9,I1LZB9
1972,3847.I1LZD1,I1LZD1
1973,3847.I1LZE1,I1LZE1
1974,3847.I1LZE4,I1LZE4
1975,3847.I1LZF4,I1LZF4
1976,3847.I1LZH9,I1LZH9
1977,3847.I1LZR8,I1LZR8
1978,3847.I1LZR9,I1LZR9
1979,3847.I1M003,I1M003
1980,3847.I1M016,I1M016
1981,3847.I1M053,I1M053
1982,3847.I1M058,I1M058
1983,3847.I1M065,I1M065
1984,3847.I1M0A2,I1M0A2
1985,3847.I1M0F4,I1M0F4
1986,3847.I1M0M1,I1M0M1
1987,3847.I1M0M2,I1M0M2
1988,3847.I1M0S1,I1M0S1
1989,3847.I1M0T5,I1M0T5
1990,3847.I1M0T6,I1M0T6
1991,3847.I1M0W2,I1M0W2
1992,3847.I1M0X8,I1M0X8
1993,3847.I1M163,I1M163
1994,3847.I1M1B4,I1M1B4
1995,3847.I1M1C2,I1M1C2
1996,3847.I1M1D1,I1M1D1
1997,3847.I1M1F8,I1M1F8
1998,3847.I1M1H5,I1M1H5
1999,3847.I1M1I1,I1M1I1
2000,3847.I1M1N4,I1M1N4
2001,3847.I1M1P9,I1M1P9
2002,3847.I1M1S5,I1M1S5
2003,3847.I1M1Y8,I1M1Y8
2004,3847.I1M233,I1M233
2005,3847.I1M2A3,I1M2A3
2006,3847.I1M2F3,I1M2F3
2007,3847.I1M2L5,I1M2L5
2008,3847.I1M2L8,I1M2L8
2009,3847.I1M2L9,I1M2L9
2010,3847.I1M2M3,I1M2M3
2011,3847.I1M2Q0,I1M2Q0
2012,3847.I1M2U6,I1M2U6
2013,3847.I1M2X3,I1M2X3
2014,3847.I1M311,I1M311
2015,3847.I1M320,I1M320
2016,3847.I1M325,I1M325
2017,3847.I1M361,I1M361
2018,3847.I1M379,I1M379
2019,3847.I1M3E7,I1M3E7
2020,3847.I1M3G7,I1M3G7
2021,3847.I1M3I1,I1M3I1
2022,3847.I1M3J1,I1M3J1
2023,3847.I1M3J2,I1M3J2
2024,3847.I1M3L5,I1M3L5
2025,3847.I1M3S1,I1M3S1
2026,3847.I1M3S2,I1M3S2
2027,3847.I1M3S3,I1M3S3
2028,3847.I1M3W5,I1M3W5
2029,3847.I1M445,I1M445
2030,3847.I1M458,I1M458
2031,3847.I1M491,I1M491
2032,3847.I1M492,I1M492
2033,3847.I1M495,I1M495
2034,3847.I1M4G9,I1M4G9
2035,3847.I1M4I3,I1M4I3
2036,3847.I1M4R4,I1M4R4
2037,3847.I1M544,I1M544
2038,3847.I1M561,I1M561
2039,3847.I1M5C0,I1M5C0
2040,3847.I1M5E9,I1M5E9
2041,3847.I1M5F0,I1M5F0
2042,3847.I1M5F2,I1M5F2
2043,3847.I1M5F6,I1M5F6
2044,3847.I1M5K6,I1M5K6
2045,3847.I1M5P4,I1M5P4
2046,3847.I1M5X9,I1M5X9
2047,3847.I1M5Z4,I1M5Z4
2048,3847.I1M619,I1M619
2049,3847.I1M622,I1M622
2050,3847.I1M647,I1M647
2051,3847.I1M655,I1M655
2052,3847.I1M6F4,I1M6F4
2053,3847.I1M6J6,I1M6J6
2054,3847.I1M6M9,I1M6M9
2055,3847.I1M6V6,I1M6V6
2056,3847.I1M6V7,I1M6V7
2057,3847.I1M6W5,I1M6W5
2058,3847.I1M6X2,I1M6X2
2059,3847.I1M6Y2,I1M6Y2
2060,3847.I1M765,I1M765
2061,3847.I1M791,I1M791
2062,3847.I1M7C1,I1M7C1
2063,3847.I1M7C3,I1M7C3
2064,3847.I1M7D3,I1M7D3
2065,3847.I1M7E5,I1M7E5
2066,3847.I1M7G7,I1M7G7
2067,3847.I1M7I0,I1M7I0
2068,3847.I1M7I2,I1M7I2
2069,3847.I1M7R2,I1M7R2
2070,3847.I1M7R5,I1M7R5
2071,3847.I1M7S9,I1M7S9
2072,3847.I1M7T1,I1M7T1
2073,3847.I1M826,I1M826
2074,3847.I1M828,I1M828
2075,3847.I1M832,I1M832
2076,3847.I1M8B7,I1M8B7
2077,3847.I1M8F0,I1M8F0
2078,3847.I1M8G3,I1M8G3
2079,3847.I1M8J8,I1M8J8
2080,3847.I1M8L8,I1M8L8
2081,3847.I1M8M5,I1M8M5
2082,3847.I1M8V2,I1M8V2
2083,3847.I1M918,I1M918
2084,3847.I1M971,I1M971
2085,3847.I1M972,I1M972
2086,3847.I1M974,I1M974
2087,3847.I1M9C6,I1M9C6
2088,3847.I1M9F7,I1M9F7
2089,3847.I1M9H0,I1M9H0
2090,3847.I1M9M3,I1M9M3
2091,3847.I1M9R6,I1M9R6
2092,3847.I1MA92,I1MA92
2093,3847.I1MAD5,I1MAD5
2094,3847.I1MAH0,I1MAH0
2095,3847.I1MAK3,I1MAK3
2096,3847.I1MAL7,I1MAL7
2097,3847.I1MAM4,I1MAM4
2098,3847.I1MAM5,I1MAM5
2099,3847.I1MAN3,I1MAN3
2100,3847.I1MAU6,I1MAU6
2101,3847.I1MAV1,I1MAV1
2102,3847.I1MAV2,I1MAV2
2103,3847.I1MAV4,I1MAV4
2104,3847.I1MAY0,I1MAY0
2105,3847.I1MB07,I1MB07
2106,3847.I1MB34,I1MB34
2107,3847.I1MB54,I1MB54
2108,3847.I1MB68,I1MB68
2109,3847.I1MBA3,I1MBA3
2110,3847.I1MBA4,I1MBA4
2111,3847.I1MBJ2,I1MBJ2
2112,3847.I1MBJ7,I1MBJ7
2113,3847.I1MBQ9,I1MBQ9
2114,3847.I1MBR1,I1MBR1
2115,3847.I1MBR7,I1MBR7
2116,3847.I1MBT5,I1MBT5
2117,3847.I1MBV9,I1MBV9
2118,3847.I1MBX5,I1MBX5
2119,3847.I1MC49,I1MC49
2120,3847.I1MC77,I1MC77
2121,3847.I1MCA2,I1MCA2
2122,3847.I1MCK0,I1MCK0
2123,3847.I1MCW0,I1MCW0
2124,3847.I1MCW5,I1MCW5
2125,3847.I1MCW6,I1MCW6
2126,3847.I1MCX0,I1MCX0
2127,3847.I1MD61,I1MD61
2128,3847.I1MD76,I1MD76
2129,3847.I1MD86,I1MD86
2130,3847.I1MDK4,I1MDK4
2131,3847.I1MDN1,I1MDN1
2132,3847.I1MDU8,I1MDU8
2133,3847.I1MDX5,I1MDX5
2134,3847.I1ME37,I1ME37
2135,3847.I1ME75,I1ME75
2136,3847.I1MEG7,I1MEG7
2137,3847.I1MEI2,I1MEI2
2138,3847.I1MEJ5,I1MEJ5
2139,3847.I1MEJ6,I1MEJ6
2140,3847.I1MEN1,I1MEN1
2141,3847.I1MEN2,I1MEN2
2142,3847.I1MET9,I1MET9
2143,3847.I1MEV7,I1MEV7
2144,3847.I1MEZ4,I1MEZ4
2145,3847.I1MF31,I1MF31
2146,3847.I1MF55,I1MF55
2147,3847.I1MF71,I1MF71
2148,3847.I1MFD0,I1MFD0
2149,3847.I1MFD1,I1MFD1
2150,3847.I1MFI3,I1MFI3
2151,3847.I1MFK6,I1MFK6
2152,3847.I1MFL2,I1MFL2
2153,3847.I1MFL6,I1MFL6
2154,3847.I1MFP9,I1MFP9
2155,3847.I1MFU1,I1MFU1
2156,3847.I1MFV2,I1MFV2
2157,3847.I1MG48,I1MG48
2158,3847.I1MG66,I1MG66
2159,3847.I1MG67,I1MG67
2160,3847.I1MG68,I1MG68
2161,3847.I1MG76,I1MG76
2162,3847.I1MG79,I1MG79
2163,3847.I1MG80,I1MG80
2164,3847.I1MGM6,I1MGM6
2165,3847.I1MGR5,I1MGR5
2166,3847.I1MGS7,I1MGS7
2167,3847.I1MH65,I1MH65
2168,3847.I1MHA1,I1MHA1
2169,3847.I1MHG2,I1MHG2
2170,3847.I1MHH6,I1MHH6
2171,3847.I1MHJ6,I1MHJ6
2172,3847.I1MHR0,I1MHR0
2173,3847.I1MI35,I1MI35
2174,3847.I1MI76,I1MI76
2175,3847.I1MI91,I1MI91
2176,3847.I1MI92,I1MI92
2177,3847.I1MIA7,I1MIA7
2178,3847.I1MIB6,I1MIB6
2179,3847.I1MIG3,I1MIG3
2180,3847.I1MIQ7,I1MIQ7
2181,3847.I1MIW1,I1MIW1
2182,3847.I1MIW3,I1MIW3
2183,3847.I1MIX4,I1MIX4
2184,3847.I1MIX6,I1MIX6
2185,3847.I1MJ38,I1MJ38
2186,3847.I1MJ40,I1MJ40
2187,3847.I1MJ89,I1MJ89
2188,3847.I1MJB3,I1MJB3
2189,3847.I1MJC0,I1MJC0
2190,3847.I1MJC1,I1MJC1
2191,3847.I1MJD2,I1MJD2
2192,3847.I1MJG8,I1MJG8
2193,3847.I1MJH0,I1MJH0
2194,3847.I1MJI9,I1MJI9
2195,3847.I1MJK2,I1MJK2
2196,3847.I1MJP8,I1MJP8
2197,3847.I1MJV5,I1MJV5
2198,3847.I1MJX0,I1MJX0
2199,3847.I1MK61,I1MK61
2200,3847.I1MK89,I1MK89
2201,3847.I1MK93,I1MK93
2202,3847.I1MKB2,I1MKB2
2203,3847.I1MKC8,I1MKC8
2204,3847.I1MKI4,I1MKI4
2205,3847.I1MKT8,I1MKT8
2206,3847.I1ML17,I1ML17
2207,3847.I1ML29,I1ML29
2208,3847.I1MLA1,I1MLA1
2209,3847.I1MLE0,I1MLE0
2210,3847.I1MLJ3,I1MLJ3
2211,3847.I1MLK6,I1MLK6
2212,3847.I1MLP8,I1MLP8
2213,3847.I1MLU1,I1MLU1
2214,3847.I1MM96,I1MM96
2215,3847.I1MME0,I1MME0
2216,3847.I1MMG1,I1MMG1
2217,3847.I1MMJ4,I1MMJ4
2218,3847.I1MMQ6,I1MMQ6
2219,3847.I1MMQ9,I1MMQ9
2220,3847.I1MMU1,I1MMU1
2221,3847.I1MN61,I1MN61
2222,3847.I1MNE6,I1MNE6
2223,3847.I1MNG9,I1MNG9
2224,3847.I1MNI2,I1MNI2
2225,3847.I1MNK3,I1MNK3
2226,3847.I1MNM5,I1MNM5
2227,3847.I1MNT3,I1MNT3
2228,3847.I1MNX4,I1MNX4
2229,3847.I1MNX9,I1MNX9
2230,3847.I1MNY0,I1MNY0
2231,3847.I1MP01,I1MP01
2232,3847.I1MP44,I1MP44
2233,3847.I1MPA0,I1MPA0
2234,3847.I1MPC6,I1MPC6
2235,3847.I1MPE8,I1MPE8
2236,3847.I1MPF0,I1MPF0
2237,3847.I1MPF1,I1MPF1
2238,3847.I1MPF3,I1MPF3
2239,3847.I1MPF4,I1MPF4
2240,3847.I1MPK6,I1MPK6
2241,3847.I1MPL1,I1MPL1
2242,3847.I1MQ10,I1MQ10
2243,3847.I1MQ34,I1MQ34
2244,3847.I1MQ40,I1MQ40
2245,3847.I1MQ94,I1MQ94
2246,3847.I1MQG1,I1MQG1
2247,3847.I1MQK0,I1MQK0
2248,3847.I1MQL1,I1MQL1
2249,3847.I1MQL2,I1MQL2
2250,3847.I1MQM8,I1MQM8
2251,3847.I1MQP1,I1MQP1
2252,3847.I1MQS6,I1MQS6
2253,3847.I1MR21,I1MR21
2254,3847.I1MR41,I1MR41
2255,3847.I1MR54,I1MR54
2256,3847.I1MRA8,I1MRA8
2257,3847.I1MRA9,I1MRA9
2258,3847.I1MRB3,I1MRB3
2259,3847.I1MRE3,I1MRE3
2260,3847.I1MRG7,I1MRG7
2261,3847.I1MRH7,I1MRH7
2262,3847.I1MRK4,I1MRK4
2263,3847.I1MRQ6,I1MRQ6
2264,3847.I1MRU9,I1MRU9
2265,3847.I1MRW7,I1MRW7
2266,3847.I1MRW8,I1MRW8
2267,3847.I1MRX8,I1MRX8
2268,3847.I1MRY2,I1MRY2
2269,3847.I1MRZ9,I1MRZ9
2270,3847.I1MS80,I1MS80
2271,3847.I1MS93,I1MS93
2272,3847.I1MSF2,I1MSF2
2273,3847.I1MSR8,I1MSR8
2274,3847.I1MSS3,I1MSS3
2275,3847.I1MSV0,I1MSV0
2276,3847.I1MSW7,I1MSW7
2277,3847.I1MSY9,I1MSY9
2278,3847.I1MT53,I1MT53
2279,3847.I1MT93,I1MT93
2280,3847.I1MTA6,I1MTA6
2281,3847.I1MTC9,I1MTC9
2282,3847.I1MTE5,I1MTE5
2283,3847.I1MTH1,I1MTH1
2284,3847.I1MTI4,I1MTI4
2285,3847.I1MTI6,I1MTI6
2286,3847.I1MTT6,I1MTT6
2287,3847.I1MTW5,I1MTW5
2288,3847.I1MTZ3,I1MTZ3
2289,3847.I1MU18,I1MU18
2290,3847.I1MU23,I1MU23
2291,3847.I1MU26,I1MU26
2292,3847.I1MU40,I1MU40
2293,3847.I1MU42,I1MU42
2294,3847.I1MU43,I1MU43
2295,3847.I1MUB6,I1MUB6
2296,3847.I1MUD9,I1MUD9
2297,3847.I1MUE2,I1MUE2
2298,3847.I1MUK0,I1MUK0
2299,3847.I1MUL9,I1MUL9
2300,3847.I1MUM7,I1MUM7
2301,3847.I1MUM8,I1MUM8
2302,3847.I1MUP0,I1MUP0
2303,3847.I1MUS1,I1MUS1
2304,3847.I1MUU4,I1MUU4
2305,3847.I1MV91,I1MV91
2306,3847.I1MVA5,I1MVA5
2307,3847.I1MVC1,I1MVC1
2308,3847.I1MVD1,I1MVD1
2309,3847.I1MVG1,I1MVG1
2310,3847.I1MVM5,I1MVM5
2311,3847.I1MVR8,I1MVR8
2312,3847.I1MVT0,I1MVT0
2313,3847.I1MVT8,I1MVT8
2314,3847.I1MVU3,I1MVU3
2315,3847.I1MVZ9,I1MVZ9
2316,3847.I1MW41,I1MW41
2317,3847.I1MWC3,I1MWC3
2318,3847.I1MWD6,I1MWD6
2319,3847.I1MWJ7,I1MWJ7
2320,3847.I1MWM9,I1MWM9
2321,3847.I1MWP7,I1MWP7
2322,3847.I1MX00,I1MX00
2323,3847.I1MX09,I1MX09
2324,3847.I1MX68,I1MX68
2325,3847.I1MXG4,I1MXG4
2326,3847.I1MXP3,I1MXP3
2327,3847.I1MXR2,I1MXR2
2328,3847.I1MXU0,I1MXU0
2329,3847.I1MXW6,I1MXW6
2330,3847.I1MY27,I1MY27
2331,3847.I1MY29,I1MY29
2332,3847.I1MYA7,I1MYA7
2333,3847.I1MYB4,I1MYB4
2334,3847.I1MYK2,I1MYK2
2335,3847.I1MZ04,I1MZ04
2336,3847.I1MZ17,I1MZ17
2337,3847.I1MZ35,I1MZ35
2338,3847.I1MZ96,I1MZ96
2339,3847.I1MZA8,I1MZA8
2340,3847.I1MZD7,I1MZD7
2341,3847.I1MZG3,I1MZG3
2342,3847.I1MZN8,I1MZN8
2343,3847.I1MZW2,I1MZW2
2344,3847.I1MZX3,I1MZX3
2345,3847.I1N0D5,I1N0D5
2346,3847.I1N0T6,I1N0T6
2347,3847.I1N0W7,I1N0W7
2348,3847.I1N0W9,I1N0W9
2349,3847.I1N0X9,I1N0X9
2350,3847.I1N0Y1,I1N0Y1
2351,3847.I1N133,I1N133
2352,3847.I1N1B7,I1N1B7
2353,3847.I1N1F7,I1N1F7
2354,3847.I1N1M0,I1N1M0
2355,3847.I1N1U5,I1N1U5
2356,3847.I1N1W6,I1N1W6
2357,3847.I1N201,I1N201
2358,3847.I1N275,I1N275
2359,3847.I1N296,I1N296
2360,3847.I1N2C5,I1N2C5
2361,3847.I1N2D4,I1N2D4
2362,3847.I1N2G0,I1N2G0
2363,3847.I1N2K7,I1N2K7
2364,3847.I1N2K8,I1N2K8
2365,3847.I1N308,I1N308
2366,3847.I1N389,I1N389
2367,3847.I1N3A4,I1N3A4
2368,3847.I1N3A7,I1N3A7
2369,3847.I1N3M6,I1N3M6
2370,3847.I1N3T8,I1N3T8
2371,3847.I1N3X7,I1N3X7
2372,3847.I1N429,I1N429
2373,3847.I1N435,I1N435
2374,3847.I1N462,I1N462
2375,3847.I1N463,I1N463
2376,3847.I1N464,I1N464
2377,3847.I1N470,I1N470
2378,3847.I1N490,I1N490
2379,3847.I1N4A0,I1N4A0
2380,3847.I1N4G7,I1N4G7
2381,3847.I1N4I2,I1N4I2
2382,3847.I1N4M3,I1N4M3
2383,3847.I1N4M9,I1N4M9
2384,3847.I1N4N1,I1N4N1
2385,3847.I1N4N4,I1N4N4
2386,3847.I1N4N6,I1N4N6
2387,3847.I1N4N7,I1N4N7
2388,3847.I1N4P1,I1N4P1
2389,3847.I1N4Q1,I1N4Q1
2390,3847.I1N4Q4,I1N4Q4
2391,3847.I1N4R5,I1N4R5
2392,3847.I1N4X7,I1N4X7
2393,3847.I1N4Y4,I1N4Y4
2394,3847.I1N4Z9,I1N4Z9
2395,3847.I1N520,I1N520
2396,3847.I1N5A1,I1N5A1
2397,3847.I1N5A3,I1N5A3
2398,3847.I1N5D0,I1N5D0
2399,3847.I1N5F1,I1N5F1
2400,3847.I1N5F2,I1N5F2
2401,3847.I1N5J7,I1N5J7
2402,3847.I1N5L4,I1N5L4
2403,3847.I1N5N0,I1N5N0
2404,3847.I1N5X5,I1N5X5
2405,3847.I1N5Z5,I1N5Z5
2406,3847.I1N619,I1N619
2407,3847.I1N671,I1N671
2408,3847.I1N672,I1N672
2409,3847.I1N6B3,I1N6B3
2410,3847.I1N6E8,I1N6E8
2411,3847.I1N6G2,I1N6G2
2412,3847.I1N6G4,I1N6G4
2413,3847.I1N6I1,I1N6I1
2414,3847.I1N6T7,I1N6T7
2415,3847.I1N6U6,I1N6U6
2416,3847.I1N729,I1N729
2417,3847.I1N751,I1N751
2418,3847.I1N7D8,I1N7D8
2419,3847.I1N7J0,I1N7J0
2420,3847.I1N7J2,I1N7J2
2421,3847.I1N7N9,I1N7N9
2422,3847.I1N7X5,I1N7X5
2423,3847.I1N812,I1N812
2424,3847.I1N888,I1N888
2425,3847.I1N8F8,I1N8F8
2426,3847.I1N8G9,I1N8G9
2427,3847.I1N8L1,I1N8L1
2428,3847.I1N8Q3,I1N8Q3
2429,3847.I1N8S8,I1N8S8
2430,3847.I1N8S9,I1N8S9
2431,3847.I1N8V6,I1N8V6
2432,3847.I1N913,I1N913
2433,3847.I1N937,I1N937
2434,3847.I1N939,I1N939
2435,3847.I1N946,I1N946
2436,3847.I1N951,I1N951
2437,3847.I1N9D6,I1N9D6
2438,3847.I1N9I2,I1N9I2
2439,3847.I1N9S3,I1N9S3
2440,3847.I1N9T8,I1N9T8
2441,3847.I1N9X8,I1N9X8
2442,3847.I1N9Z6,I1N9Z6
2443,3847.I1NA44,I1NA44
2444,3847.I1NA65,I1NA65
2445,3847.I1NA96,I1NA96
2446,3847.I1NAE3,I1NAE3
2447,3847.I1NAE6,I1NAE6
2448,3847.I1NAG2,I1NAG2
2449,3847.I1NAG9,I1NAG9
2450,3847.I1NAH8,I1NAH8
2451,3847.I1NAU2,I1NAU2
2452,3847.I1NAU9,I1NAU9
2453,3847.I1NB93,I1NB93
2454,3847.I1NBA2,I1NBA2
2455,3847.I1NBA3,I1NBA3
2456,3847.I1NBF0,I1NBF0
2457,3847.I1NBF3,I1NBF3
2458,3847.I1NBG9,I1NBG9
2459,3847.I1NBK6,I1NBK6
2460,3847.I1NBQ6,I1NBQ6
2461,3847.I1NBZ3,I1NBZ3
2462,3847.I1NBZ7,I1NBZ7
2463,3847.I1NC04,I1NC04
2464,3847.I1NC37,I1NC37
2465,3847.I1NC58,I1NC58
2466,3847.I1NC67,I1NC67
2467,3847.I1NC73,I1NC73
2468,3847.I1NC81,I1NC81
2469,3847.I1NCA4,I1NCA4
2470,3847.I1NCF7,I1NCF7
2471,3847.I1NCH1,I1NCH1
2472,3847.I1NCJ3,I1NCJ3
2473,3847.I1NCL8,I1NCL8
2474,3847.I1NCS0,I1NCS0
2475,3847.I1NCZ1,I1NCZ1
2476,3847.I1ND14,I1ND14
2477,3847.I1ND44,I1ND44
2478,3847.I1ND65,I1ND65
2479,3847.I1NDB6,I1NDB6
2480,3847.I1NDL5,I1NDL5
2481,3847.I1NDS3,I1NDS3
2482,3847.I1NDY2,I1NDY2
2483,3847.I1NDY4,I1NDY4
2484,3847.I1NE03,I1NE03
2485,3847.I1NE25,I1NE25
2486,3847.I1NE76,I1NE76
2487,3847.I1NEV3,I1NEV3
2488,3847.I1NFB3,I1NFB3
2489,3847.I1NFH2,I1NFH2
2490,3847.I1NFH4,I1NFH4
2491,3847.I1NFI7,I1NFI7
2492,3847.I1NFK5,I1NFK5
2493,3847.I1NFS4,I1NFS4
2494,3847.I1NFW9,I1NFW9
2495,3847.I1NG47,I1NG47
2496,3847.I1NG48,I1NG48
2497,3847.I1NG95,I1NG95
2498,3847.I1NGA6,I1NGA6
2499,3847.I1NGB3,I1NGB3
2500,3847.I1NGI3,I1NGI3
2501,3847.I1NGL1,I1NGL1
2502,3847.I1NGN3,I1NGN3
2503,3847.I1NGQ6,I1NGQ6
2504,3847.I1NGW5,I1NGW5
2505,3847.I1NGX4,I1NGX4
2506,3847.I1NH00,I1NH00
2507,3847.I1NH41,I1NH41
2508,3847.I1NH88,I1NH88
2509,3847.I1NH95,I1NH95
2510,3847.I1NHB5,I1NHB5
2511,3847.I1NHE4,I1NHE4
2512,3847.I1NHF2,I1NHF2
2513,3847.I1NHF4,I1NHF4
2514,3847.I1NHF8,I1NHF8
2515,3847.I1NHH1,I1NHH1
2516,3847.I1NHH9,I1NHH9
2517,3847.I1NHI3,I1NHI3
2518,3847.I1NHM9,I1NHM9
2519,3847.I1NHQ3,I1NHQ3
2520,3847.I1NHV6,I1NHV6
2521,3847.I1NI71,I1NI71
2522,3847.I1NI89,I1NI89
2523,3847.I1NIB0,I1NIB0
2524,3847.I1NIC7,I1NIC7
2525,3847.I1NID0,I1NID0
2526,3847.I1NIH1,I1NIH1
2527,3847.I1NII0,I1NII0
2528,3847.I1NIJ6,I1NIJ6
2529,3847.I1NIK5,I1NIK5
2530,3847.I1NIP4,I1NIP4
2531,3847.I1NIR4,I1NIR4
2532,3847.I1NIS4,I1NIS4
2533,3847.I1NIT6,I1NIT6
2534,3847.I1NIU6,I1NIU6
2535,3847.I1NIU9,I1NIU9
2536,3847.I1NIV3,I1NIV3
2537,3847.I1NJ88,I1NJ88
2538,3847.I1NJA2,I1NJA2
2539,3847.I1NJA3,I1NJA3
2540,3847.K7K0X1,K7K0X1
2541,3847.K7K112,K7K112
2542,3847.K7K137,K7K137
2543,3847.K7K177,K7K177
2544,3847.K7K183,K7K183
2545,3847.K7K1A2,K7K1A2
2546,3847.K7K1C9,K7K1C9
2547,3847.K7K1J5,K7K1J5
2548,3847.K7K1N3,K7K1N3
2549,3847.K7K255,K7K255
2550,3847.K7K277,K7K277
2551,3847.K7K2C8,K7K2C8
2552,3847.K7K2M8,K7K2M8
2553,3847.K7K2N0,K7K2N0
2554,3847.K7K2R8,K7K2R8
2555,3847.K7K333,K7K333
2556,3847.K7K357,K7K357
2557,3847.K7K3B8,K7K3B8
2558,3847.K7K3L1,K7K3L1
2559,3847.K7K3L9,K7K3L9
2560,3847.K7K3M5,K7K3M5
2561,3847.K7K3Q0,K7K3Q0
2562,3847.K7K3V8,K7K3V8
2563,3847.K7K3X1,K7K3X1
2564,3847.K7K404,K7K404
2565,3847.K7K405,K7K405
2566,3847.K7K423,K7K423
2567,3847.K7K424,K7K424
2568,3847.K7K429,K7K429
2569,3847.K7K447,K7K447
2570,3847.K7K483,K7K483
2571,3847.K7K4C9,K7K4C9
2572,3847.K7K4D8,K7K4D8
2573,3847.K7K4H0,K7K4H0
2574,3847.K7K4J2,K7K4J2
2575,3847.K7K4J4,K7K4J4
2576,3847.K7K536,K7K536
2577,3847.K7K581,K7K581
2578,3847.K7K5A6,K7K5A6
2579,3847.K7K5C5,K7K5C5
2580,3847.K7K5F4,K7K5F4
2581,3847.K7K619,K7K619
2582,3847.K7K6Q9,K7K6Q9
2583,3847.K7K747,K7K747
2584,3847.K7K7G4,K7K7G4
2585,3847.K7K7I2,K7K7I2
2586,3847.K7K7K2,K7K7K2
2587,3847.K7K7W7,K7K7W7
2588,3847.K7K7W8,K7K7W8
2589,3847.K7K808,K7K808
2590,3847.K7K8Q4,K7K8Q4
2591,3847.K7K8Z6,K7K8Z6
2592,3847.K7K921,K7K921
2593,3847.K7K997,K7K997
2594,3847.K7K9K6,K7K9K6
2595,3847.K7K9R1,K7K9R1
2596,3847.K7KA61,K7KA61
2597,3847.K7KA62,K7KA62
2598,3847.K7KA63,K7KA63
2599,3847.K7KAB1,K7KAB1
2600,3847.K7KAC6,K7KAC6
2601,3847.K7KAI3,K7KAI3
2602,3847.K7KAN4,K7KAN4
2603,3847.K7KAS3,K7KAS3
2604,3847.K7KAW8,K7KAW8
2605,3847.K7KB20,K7KB20
2606,3847.K7KB71,K7KB71
2607,3847.K7KBC8,K7KBC8
2608,3847.K7KBI1,K7KBI1
2609,3847.K7KBK1,K7KBK1
2610,3847.K7KBM9,K7KBM9
2611,3847.K7KBW0,K7KBW0
2612,3847.K7KBZ4,K7KBZ4
2613,3847.K7KC62,K7KC62
2614,3847.K7KC65,K7KC65
2615,3847.K7KCB5,K7KCB5
2616,3847.K7KCB8,K7KCB8
2617,3847.K7KCE4,K7KCE4
2618,3847.K7KCK3,K7KCK3
2619,3847.K7KCN2,K7KCN2
2620,3847.K7KCQ7,K7KCQ7
2621,3847.K7KCU2,K7KCU2
2622,3847.K7KCU6,K7KCU6
2623,3847.K7KDC2,K7KDC2
2624,3847.K7KDW9,K7KDW9
2625,3847.K7KDY2,K7KDY2
2626,3847.K7KE20,K7KE20
2627,3847.K7KE95,K7KE95
2628,3847.K7KEJ5,K7KEJ5
2629,3847.K7KEQ2,K7KEQ2
2630,3847.K7KEW4,K7KEW4
2631,3847.K7KF15,K7KF15
2632,3847.K7KF48,K7KF48
2633,3847.K7KF95,K7KF95
2634,3847.K7KFF3,K7KFF3
2635,3847.K7KFI5,K7KFI5
2636,3847.K7KFL0,K7KFL0
2637,3847.K7KFR4,K7KFR4
2638,3847.K7KFV1,K7KFV1
2639,3847.K7KFZ4,K7KFZ4
2640,3847.K7KGB3,K7KGB3
2641,3847.K7KGC7,K7KGC7
2642,3847.K7KGH6,K7KGH6
2643,3847.K7KGT3,K7KGT3
2644,3847.K7KGV1,K7KGV1
2645,3847.K7KH10,K7KH10
2646,3847.K7KH69,K7KH69
2647,3847.K7KHG3,K7KHG3
2648,3847.K7KHI6,K7KHI6
2649,3847.K7KHJ1,K7KHJ1
2650,3847.K7KHJ8,K7KHJ8
2651,3847.K7KHK0,K7KHK0
2652,3847.K7KHT8,K7KHT8
2653,3847.K7KHW4,K7KHW4
2654,3847.K7KHX5,K7KHX5
2655,3847.K7KIB4,K7KIB4
2656,3847.K7KIW8,K7KIW8
2657,3847.K7KIX8,K7KIX8
2658,3847.K7KJ03,K7KJ03
2659,3847.K7KJP3,K7KJP3
2660,3847.K7KJR3,K7KJR3
2661,3847.K7KJS1,K7KJS1
2662,3847.K7KK55,K7KK55
2663,3847.K7KKB9,K7KKB9
2664,3847.K7KKJ3,K7KKJ3
2665,3847.K7KKN9,K7KKN9
2666,3847.K7KKP1,K7KKP1
2667,3847.K7KKV2,K7KKV2
2668,3847.K7KL51,K7KL51
2669,3847.K7KL92,K7KL92
2670,3847.K7KLC0,K7KLC0
2671,3847.K7KLG1,K7KLG1
2672,3847.K7KLG8,K7KLG8
2673,3847.K7KLI3,K7KLI3
2674,3847.K7KLU1,K7KLU1
2675,3847.K7KLX9,K7KLX9
2676,3847.K7KLY1,K7KLY1
2677,3847.K7KM53,K7KM53
2678,3847.K7KMJ0,K7KMJ0
2679,3847.K7KMP5,K7KMP5
2680,3847.K7KMQ1,K7KMQ1
2681,3847.K7KMW0,K7KMW0
2682,3847.K7KNB5,K7KNB5
2683,3847.K7KNE6,K7KNE6
2684,3847.K7KNQ7,K7KNQ7
2685,3847.K7KNS4,K7KNS4
2686,3847.K7KNS9,K7KNS9
2687,3847.K7KNV5,K7KNV5
2688,3847.K7KPC0,K7KPC0
2689,3847.K7KPG2,K7KPG2
2690,3847.K7KPI2,K7KPI2
2691,3847.K7KPJ1,K7KPJ1
2692,3847.K7KPM7,K7KPM7
2693,3847.K7KPY5,K7KPY5
2694,3847.K7KQ91,K7KQ91
2695,3847.K7KQA4,K7KQA4
2696,3847.K7KQE4,K7KQE4
2697,3847.K7KR21,K7KR21
2698,3847.K7KR67,K7KR67
2699,3847.K7KRA5,K7KRA5
2700,3847.K7KRQ4,K7KRQ4
2701,3847.K7KRS4,K7KRS4
2702,3847.K7KRU5,K7KRU5
2703,3847.K7KS32,K7KS32
2704,3847.K7KS35,K7KS35
2705,3847.K7KS74,K7KS74
2706,3847.K7KSW6,K7KSW6
2707,3847.K7KSX4,K7KSX4
2708,3847.K7KT64,K7KT64
2709,3847.K7KTH2,K7KTH2
2710,3847.K7KTR1,K7KTR1
2711,3847.K7KTX9,K7KTX9
2712,3847.K7KTY2,K7KTY2
2713,3847.K7KTY3,K7KTY3
2714,3847.K7KU14,K7KU14
2715,3847.K7KUA7,K7KUA7
2716,3847.K7KUF0,K7KUF0
2717,3847.K7KUG3,K7KUG3
2718,3847.K7KUL8,K7KUL8
2719,3847.K7KUU8,K7KUU8
2720,3847.K7KV61,K7KV61
2721,3847.K7KV68,K7KV68
2722,3847.K7KVI2,K7KVI2
2723,3847.K7KVK0,K7KVK0
2724,3847.K7KVS7,K7KVS7
2725,3847.K7KVU5,K7KVU5
2726,3847.K7KVU9,K7KVU9
2727,3847.K7KVY9,K7KVY9
2728,3847.K7KWM3,K7KWM3
2729,3847.K7KWP9,K7KWP9
2730,3847.K7KWQ9,K7KWQ9
2731,3847.K7KWZ4,K7KWZ4
2732,3847.K7KX33,K7KX33
2733,3847.K7KX43,K7KX43
2734,3847.K7KX73,K7KX73
2735,3847.K7KXA2,K7KXA2
2736,3847.K7KXD0,K7KXD0
2737,3847.K7KXD4,K7KXD4
2738,3847.K7KY74,K7KY74
2739,3847.K7KY89,K7KY89
2740,3847.K7KYG1,K7KYG1
2741,3847.K7KYG2,K7KYG2
2742,3847.K7KYN6,K7KYN6
2743,3847.K7KYS4,K7KYS4
2744,3847.K7KYT5,K7KYT5
2745,3847.K7KYY3,K7KYY3
2746,3847.K7KZ08,K7KZ08
2747,3847.K7KZF3,K7KZF3
2748,3847.K7KZG0,K7KZG0
2749,3847.K7KZK3,K7KZK3
2750,3847.K7KZW6,K7KZW6
2751,3847.K7L046,K7L046
2752,3847.K7L0C0,K7L0C0
2753,3847.K7L0E0,K7L0E0
2754,3847.K7L0L3,K7L0L3
2755,3847.K7L0N1,K7L0N1
2756,3847.K7L0N3,K7L0N3
2757,3847.K7L0N5,K7L0N5
2758,3847.K7L0T8,K7L0T8
2759,3847.K7L0V6,K7L0V6
2760,3847.K7L0X1,K7L0X1
2761,3847.K7L145,K7L145
2762,3847.K7L172,K7L172
2763,3847.K7L1B0,K7L1B0
2764,3847.K7L1E9,K7L1E9
2765,3847.K7L1I3,K7L1I3
2766,3847.K7L1J3,K7L1J3
2767,3847.K7L1X7,K7L1X7
2768,3847.K7L242,K7L242
2769,3847.K7L2D7,K7L2D7
2770,3847.K7L2J8,K7L2J8
2771,3847.K7L2K0,K7L2K0
2772,3847.K7L2K3,K7L2K3
2773,3847.K7L2L3,K7L2L3
2774,3847.K7L2Y4,K7L2Y4
2775,3847.K7L364,K7L364
2776,3847.K7L3H8,K7L3H8
2777,3847.K7L3T9,K7L3T9
2778,3847.K7L3X1,K7L3X1
2779,3847.K7L3Y6,K7L3Y6
2780,3847.K7L413,K7L413
2781,3847.K7L453,K7L453
2782,3847.K7L464,K7L464
2783,3847.K7L4B4,K7L4B4
2784,3847.K7L4F0,K7L4F0
2785,3847.K7L4M7,K7L4M7
2786,3847.K7L4M8,K7L4M8
2787,3847.K7L4R9,K7L4R9
2788,3847.K7L4Y7,K7L4Y7
2789,3847.K7L576,K7L576
2790,3847.K7L579,K7L579
2791,3847.K7L583,K7L583
2792,3847.K7L5H6,K7L5H6
2793,3847.K7L5I0,K7L5I0
2794,3847.K7L5I8,K7L5I8
2795,3847.K7L5J1,K7L5J1
2796,3847.K7L643,K7L643
2797,3847.K7L6P0,K7L6P0
2798,3847.K7L6T7,K7L6T7
2799,3847.K7L6V4,K7L6V4
2800,3847.K7L727,K7L727
2801,3847.K7L745,K7L745
2802,3847.K7L762,K7L762
2803,3847.K7L774,K7L774
2804,3847.K7L777,K7L777
2805,3847.K7L778,K7L778
2806,3847.K7L7E4,K7L7E4
2807,3847.K7L7N3,K7L7N3
2808,3847.K7L7W0,K7L7W0
2809,3847.K7L8E8,K7L8E8
2810,3847.K7L8I8,K7L8I8
2811,3847.K7L8N8,K7L8N8
2812,3847.K7L8P8,K7L8P8
2813,3847.K7L8R2,K7L8R2
2814,3847.K7L8X8,K7L8X8
2815,3847.K7L935,K7L935
2816,3847.K7L947,K7L947
2817,3847.K7L999,K7L999
2818,3847.K7L9A2,K7L9A2
2819,3847.K7L9U2,K7L9U2
2820,3847.K7L9Y6,K7L9Y6
2821,3847.K7LA93,K7LA93
2822,3847.K7LAM2,K7LAM2
2823,3847.K7LAQ5,K7LAQ5
2824,3847.K7LAT7,K7LAT7
2825,3847.K7LAW2,K7LAW2
2826,3847.K7LAZ4,K7LAZ4
2827,3847.K7LB48,K7LB48
2828,3847.K7LB63,K7LB63
2829,3847.K7LB98,K7LB98
2830,3847.K7LBG2,K7LBG2
2831,3847.K7LBG5,K7LBG5
2832,3847.K7LBH1,K7LBH1
2833,3847.K7LBH7,K7LBH7
2834,3847.K7LBJ3,K7LBJ3
2835,3847.K7LBU6,K7LBU6
2836,3847.K7LC41,K7LC41
2837,3847.K7LC46,K7LC46
2838,3847.K7LC65,K7LC65
2839,3847.K7LCU0,K7LCU0
2840,3847.K7LCZ8,K7LCZ8
2841,3847.K7LD58,K7LD58
2842,3847.K7LD59,K7LD59
2843,3847.K7LD99,K7LD99
2844,3847.K7LDQ4,K7LDQ4
2845,3847.K7LDX5,K7LDX5
2846,3847.K7LDY1,K7LDY1
2847,3847.K7LDY3,K7LDY3
2848,3847.K7LEE2,K7LEE2
2849,3847.K7LEN5,K7LEN5
2850,3847.K7LEP2,K7LEP2
2851,3847.K7LEV3,K7LEV3
2852,3847.K7LEW4,K7LEW4
2853,3847.K7LEY2,K7LEY2
2854,3847.K7LF33,K7LF33
2855,3847.K7LF46,K7LF46
2856,3847.K7LFD8,K7LFD8
2857,3847.K7LFI0,K7LFI0
2858,3847.K7LFJ0,K7LFJ0
2859,3847.K7LFM9,K7LFM9
2860,3847.K7LFS7,K7LFS7
2861,3847.K7LFU5,K7LFU5
2862,3847.K7LG03,K7LG03
2863,3847.K7LG74,K7LG74
2864,3847.K7LG88,K7LG88
2865,3847.K7LGC2,K7LGC2
2866,3847.K7LGE5,K7LGE5
2867,3847.K7LGJ5,K7LGJ5
2868,3847.K7LGK1,K7LGK1
2869,3847.K7LGQ9,K7LGQ9
2870,3847.K7LGR6,K7LGR6
2871,3847.K7LHC9,K7LHC9
2872,3847.K7LHS5,K7LHS5
2873,3847.K7LHT6,K7LHT6
2874,3847.K7LHX0,K7LHX0
2875,3847.K7LI68,K7LI68
2876,3847.K7LI80,K7LI80
2877,3847.K7LIA1,K7LIA1
2878,3847.K7LIB3,K7LIB3
2879,3847.K7LIJ3,K7LIJ3
2880,3847.K7LIP9,K7LIP9
2881,3847.K7LIU4,K7LIU4
2882,3847.K7LIX3,K7LIX3
2883,3847.K7LJ03,K7LJ03
2884,3847.K7LJM2,K7LJM2
2885,3847.K7LJN1,K7LJN1
2886,3847.K7LJR3,K7LJR3
2887,3847.K7LJR6,K7LJR6
2888,3847.K7LK37,K7LK37
2889,3847.K7LK48,K7LK48
2890,3847.K7LK50,K7LK50
2891,3847.K7LKC2,K7LKC2
2892,3847.K7LKD4,K7LKD4
2893,3847.K7LKJ1,K7LKJ1
2894,3847.K7LKL7,K7LKL7
2895,3847.K7LKM5,K7LKM5
2896,3847.K7LKQ2,K7LKQ2
2897,3847.K7LKV4,K7LKV4
2898,3847.K7LL58,K7LL58
2899,3847.K7LL62,K7LL62
2900,3847.K7LL98,K7LL98
2901,3847.K7LLI3,K7LLI3
2902,3847.K7LLQ7,K7LLQ7
2903,3847.K7LLZ3,K7LLZ3
2904,3847.K7LM62,K7LM62
2905,3847.K7LMI9,K7LMI9
2906,3847.K7LML2,K7LML2
2907,3847.K7LMN4,K7LMN4
2908,3847.K7LN01,K7LN01
2909,3847.K7LN26,K7LN26
2910,3847.K7LN31,K7LN31
2911,3847.K7LN65,K7LN65
2912,3847.K7LN91,K7LN91
2913,3847.K7LNA3,K7LNA3
2914,3847.K7LND6,K7LND6
2915,3847.K7LNE9,K7LNE9
2916,3847.K7LNF7,K7LNF7
2917,3847.K7LNG5,K7LNG5
2918,3847.K7LNN5,K7LNN5
2919,3847.K7LNQ6,K7LNQ6
2920,3847.K7LNX9,K7LNX9
2921,3847.K7LNZ3,K7LNZ3
2922,3847.K7LP19,K7LP19
2923,3847.K7LP35,K7LP35
2924,3847.K7LPC3,K7LPC3
2925,3847.K7LPR9,K7LPR9
2926,3847.K7LQ72,K7LQ72
2927,3847.K7LQP3,K7LQP3
2928,3847.K7LQP6,K7LQP6
2929,3847.K7LQP8,K7LQP8
2930,3847.K7LQZ3,K7LQZ3
2931,3847.K7LR64,K7LR64
2932,3847.K7LR87,K7LR87
2933,3847.K7LRK7,K7LRK7
2934,3847.K7LRL8,K7LRL8
2935,3847.K7LRR1,K7LRR1
2936,3847.K7LRR3,K7LRR3
2937,3847.K7LRR5,K7LRR5
2938,3847.K7LRU0,K7LRU0
2939,3847.K7LS84,K7LS84
2940,3847.K7LS88,K7LS88
2941,3847.K7LSB8,K7LSB8
2942,3847.K7LSB9,K7LSB9
2943,3847.K7LSH6,K7LSH6
2944,3847.K7LSH7,K7LSH7
2945,3847.K7LSL4,K7LSL4
2946,3847.K7LST0,K7LST0
2947,3847.K7LSU1,K7LSU1
2948,3847.K7LT57,K7LT57
2949,3847.K7LTL2,K7LTL2
2950,3847.K7LTN4,K7LTN4
2951,3847.K7LTY3,K7LTY3
2952,3847.K7LUH0,K7LUH0
2953,3847.K7LUJ0,K7LUJ0
2954,3847.K7LUN1,K7LUN1
2955,3847.K7LUQ6,K7LUQ6
2956,3847.K7LUZ4,K7LUZ4
2957,3847.K7LV09,K7LV09
2958,3847.K7LV24,K7LV24
2959,3847.K7LV47,K7LV47
2960,3847.K7LV51,K7LV51
2961,3847.K7LV58,K7LV58
2962,3847.K7LV78,K7LV78
2963,3847.K7LVB0,K7LVB0
2964,3847.K7LVD0,K7LVD0
2965,3847.K7LVI4,K7LVI4
2966,3847.K7LVK6,K7LVK6
2967,3847.K7LVT0,K7LVT0
2968,3847.K7LVZ5,K7LVZ5
2969,3847.K7LW65,K7LW65
2970,3847.K7LW84,K7LW84
2971,3847.K7LW87,K7LW87
2972,3847.K7LWA6,K7LWA6
2973,3847.K7LWA8,K7LWA8
2974,3847.K7LWG6,K7LWG6
2975,3847.K7LWI4,K7LWI4
2976,3847.K7LWI6,K7LWI6
2977,3847.K7LWW4,K7LWW4
2978,3847.K7LXC7,K7LXC7
2979,3847.K7LXH7,K7LXH7
2980,3847.K7LXJ2,K7LXJ2
2981,3847.K7LXL0,K7LXL0
2982,3847.K7LXM1,K7LXM1
2983,3847.K7LXN8,K7LXN8
2984,3847.K7LXP5,K7LXP5
2985,3847.K7LXU3,K7LXU3
2986,3847.K7LY09,K7LY09
2987,3847.K7LY27,K7LY27
2988,3847.K7LY29,K7LY29
2989,3847.K7LY33,K7LY33
2990,3847.K7LY34,K7LY34
2991,3847.K7LY52,K7LY52
2992,3847.K7LY55,K7LY55
2993,3847.K7LY58,K7LY58
2994,3847.K7LY59,K7LY59
2995,3847.K7LY86,K7LY86
2996,3847.K7LYP6,K7LYP6
2997,3847.K7LYP9,K7LYP9
2998,3847.K7LYT7,K7LYT7
2999,3847.K7LZ12,K7LZ12
3000,3847.K7LZ80,K7LZ80
3001,3847.K7LZ86,K7LZ86
3002,3847.K7LZL1,K7LZL1
3003,3847.K7LZM1,K7LZM1
3004,3847.K7LZU7,K7LZU7
3005,3847.K7LZU9,K7LZU9
3006,3847.K7LZV4,K7LZV4
3007,3847.K7LZW5,K7LZW5
3008,3847.K7M047,K7M047
3009,3847.K7M050,K7M050
3010,3847.K7M052,K7M052
3011,3847.K7M0I8,K7M0I8
3012,3847.K7M0X6,K7M0X6
3013,3847.K7M0Y9,K7M0Y9
3014,3847.K7M1A6,K7M1A6
3015,3847.K7M1G4,K7M1G4
3016,3847.K7M1J7,K7M1J7
3017,3847.K7M1K3,K7M1K3
3018,3847.K7M227,K7M227
3019,3847.K7M246,K7M246
3020,3847.K7M247,K7M247
3021,3847.K7M2A2,K7M2A2
3022,3847.K7M2R2,K7M2R2
3023,3847.K7M2Y9,K7M2Y9
3024,3847.K7M318,K7M318
3025,3847.K7M3L4,K7M3L4
3026,3847.K7M3N0,K7M3N0
3027,3847.K7M3P9,K7M3P9
3028,3847.K7M3U3,K7M3U3
3029,3847.K7M3Z2,K7M3Z2
3030,3847.K7M473,K7M473
3031,3847.K7M491,K7M491
3032,3847.K7M4A7,K7M4A7
3033,3847.K7M4M7,K7M4M7
3034,3847.K7M4V9,K7M4V9
3035,3847.K7M4X4,K7M4X4
3036,3847.K7M4Z7,K7M4Z7
3037,3847.K7M5A2,K7M5A2
3038,3847.K7M5K0,K7M5K0
3039,3847.K7M5Z4,K7M5Z4
3040,3847.K7M626,K7M626
3041,3847.K7M641,K7M641
3042,3847.K7M698,K7M698
3043,3847.K7M6F3,K7M6F3
3044,3847.K7M6M7,K7M6M7
3045,3847.K7M6N1,K7M6N1
3046,3847.K7M6Y8,K7M6Y8
3047,3847.K7M712,K7M712
3048,3847.K7M763,K7M763
3049,3847.K7M7G0,K7M7G0
3050,3847.K7M7G9,K7M7G9
3051,3847.K7M7R0,K7M7R0
3052,3847.K7M7R1,K7M7R1
3053,3847.K7M7T5,K7M7T5
3054,3847.K7M825,K7M825
3055,3847.K7M826,K7M826
3056,3847.K7M829,K7M829
3057,3847.K7M872,K7M872
3058,3847.K7M8I7,K7M8I7
3059,3847.K7M8N2,K7M8N2
3060,3847.K7M8R2,K7M8R2
3061,3847.K7M8Z4,K7M8Z4
3062,3847.K7M940,K7M940
3063,3847.K7M948,K7M948
3064,3847.K7M9M3,K7M9M3
3065,3847.K7M9M4,K7M9M4
3066,3847.K7MAC5,K7MAC5
3067,3847.K7MAU1,K7MAU1
3068,3847.K7MB08,K7MB08
3069,3847.K7MB17,K7MB17
3070,3847.K7MB53,K7MB53
3071,3847.K7MB59,K7MB59
3072,3847.K7MBG3,K7MBG3
3073,3847.K7MBX5,K7MBX5
3074,3847.K7MC65,K7MC65
3075,3847.K7MC80,K7MC80
3076,3847.K7MC82,K7MC82
3077,3847.K7MC83,K7MC83
3078,3847.K7MCD4,K7MCD4
3079,3847.K7MCM1,K7MCM1
3080,3847.K7MCM8,K7MCM8
3081,3847.K7MCQ7,K7MCQ7
3082,3847.K7MCU5,K7MCU5
3083,3847.K7MDA4,K7MDA4
3084,3847.K7MDH0,K7MDH0
3085,3847.K7MDH1,K7MDH1
3086,3847.K7MDZ2,K7MDZ2
3087,3847.K7ME32,K7ME32
3088,3847.K7ME58,K7ME58
3089,3847.K7ME59,K7ME59
3090,3847.K7ME61,K7ME61
3091,3847.K7MEB1,K7MEB1
3092,3847.K7MEC2,K7MEC2
3093,3847.K7MEI3,K7MEI3
3094,3847.K7MEN6,K7MEN6
3095,3847.K7MER9,K7MER9
3096,3847.K7MES8,K7MES8
3097,3847.K7MEW9,K7MEW9
3098,3847.K7MF30,K7MF30
3099,3847.K7MFE5,K7MFE5
3100,3847.K7MFI7,K7MFI7
3101,3847.K7MFI8,K7MFI8
3102,3847.K7MFJ1,K7MFJ1
3103,3847.K7MFQ7,K7MFQ7
3104,3847.K7MFR0,K7MFR0
3105,3847.K7MFU0,K7MFU0
3106,3847.K7MG22,K7MG22
3107,3847.K7MGC1,K7MGC1
3108,3847.K7MGF3,K7MGF3
3109,3847.K7MGN5,K7MGN5
3110,3847.K7MGR7,K7MGR7
3111,3847.K7MGS6,K7MGS6
3112,3847.K7MGW6,K7MGW6
3113,3847.K7MHA1,K7MHA1
3114,3847.K7MHK0,K7MHK0
3115,3847.K7MHL9,K7MHL9
3116,3847.K7MHQ9,K7MHQ9
3117,3847.K7MI16,K7MI16
3118,3847.K7MI26,K7MI26
3119,3847.K7MI27,K7MI27
3120,3847.K7MIL2,K7MIL2
3121,3847.K7MIL7,K7MIL7
3122,3847.K7MIT3,K7MIT3
3123,3847.K7MJ17,K7MJ17
3124,3847.K7MJ90,K7MJ90
3125,3847.K7MJC2,K7MJC2
3126,3847.K7MJC5,K7MJC5
3127,3847.K7MJI4,K7MJI4
3128,3847.K7MJI6,K7MJI6
3129,3847.K7MJY8,K7MJY8
3130,3847.K7MK09,K7MK09
3131,3847.K7MK32,K7MK32
3132,3847.K7MK79,K7MK79
3133,3847.K7MK86,K7MK86
3134,3847.K7MK99,K7MK99
3135,3847.K7MKM0,K7MKM0
3136,3847.K7MKR0,K7MKR0
3137,3847.K7MKR2,K7MKR2
3138,3847.K7MKY7,K7MKY7
3139,3847.K7ML21,K7ML21
3140,3847.K7ML22,K7ML22
3141,3847.K7ML23,K7ML23
3142,3847.K7MLE2,K7MLE2
3143,3847.K7MLM4,K7MLM4
3144,3847.K7MLN5,K7MLN5
3145,3847.K7MLX6,K7MLX6
3146,3847.K7MLX9,K7MLX9
3147,3847.K7MLY6,K7MLY6
3148,3847.K7MM13,K7MM13
3149,3847.K7MM15,K7MM15
3150,3847.K7MM50,K7MM50
3151,3847.K7MM76,K7MM76
3152,3847.K7MM91,K7MM91
3153,3847.K7MMC5,K7MMC5
3154,3847.K7MMD1,K7MMD1
3155,3847.K7MMG8,K7MMG8
3156,3847.K7MMI8,K7MMI8
3157,3847.K7MMP2,K7MMP2
3158,3847.K7MN42,K7MN42
3159,3847.K7MN55,K7MN55
3160,3847.K7MN58,K7MN58
3161,3847.K7MN65,K7MN65
3162,3847.K7MN68,K7MN68
3163,3847.K7MNG9,K7MNG9
3164,3847.K7MNR8,K7MNR8
3165,3847.K7MNW9,K7MNW9
3166,3847.K7MPA0,K7MPA0
3167,3847.K7MPA6,K7MPA6
3168,3847.K7MPE7,K7MPE7
3169,3847.K7MPG5,K7MPG5
3170,3847.K7MPH7,K7MPH7
3171,3847.K7MPJ0,K7MPJ0
3172,3847.K7MPJ1,K7MPJ1
3173,3847.K7MPJ2,K7MPJ2
3174,3847.K7MPN5,K7MPN5
3175,3847.K7MPN6,K7MPN6
3176,3847.K7MPZ3,K7MPZ3
3177,3847.K7MQ41,K7MQ41
3178,3847.K7MQ50,K7MQ50
3179,3847.K7MQ76,K7MQ76
3180,3847.K7MQ88,K7MQ88
3181,3847.K7MQ92,K7MQ92
3182,3847.K7MQ95,K7MQ95
3183,3847.K7MQF6,K7MQF6
3184,3847.K7MQT5,K7MQT5
3185,3847.K7MR36,K7MR36
3186,3847.K7MR54,K7MR54
3187,3847.K7MR70,K7MR70
3188,3847.K7MRA3,K7MRA3
3189,3847.K7MRH9,K7MRH9
3190,3847.K7MRM6,K7MRM6
3191,3847.K7MRW8,K7MRW8
3192,3847.K7MRZ2,K7MRZ2
3193,3847.K7MS02,K7MS02
3194,3847.K7MS66,K7MS66
3195,3847.K7MSD1,K7MSD1
3196,3847.K7MTA0,K7MTA0
3197,3847.K7MTE4,K7MTE4
3198,3847.K7MTF4,K7MTF4
3199,3847.K7MTF6,K7MTF6
3200,3847.K7MTG5,K7MTG5
3201,3847.K7MTL8,K7MTL8
3202,3847.K7MTV0,K7MTV0
3203,3847.K7MTW5,K7MTW5
3204,3847.K7MTW9,K7MTW9
3205,3847.K7MTY9,K7MTY9
3206,3847.K7MTZ1,K7MTZ1
3207,3847.K7MU28,K7MU28
3208,3847.K7MU41,K7MU41
3209,3847.K7MUF0,K7MUF0
3210,3847.K7MUL8,K7MUL8
3211,3847.K7MUL9,K7MUL9
3212,3847.K7MUM3,K7MUM3
3213,3847.K7MUM8,K7MUM8
3214,3847.K7MUP7,K7MUP7
3215,3847.K7MUP9,K7MUP9
3216,3847.K7MUS1,K7MUS1
3217,3847.K7MUW2,K7MUW2
3218,3847.K7MV06,K7MV06
3219,3847.K7MV10,K7MV10
3220,3847.K7MV11,K7MV11
3221,3847.K7MV13,K7MV13
3222,3847.K7MV27,K7MV27
3223,3847.K7MV94,K7MV94
3224,3847.K7MV97,K7MV97
3225,3847.K7MVG6,K7MVG6
3226,3847.K7MVL4,K7MVL4
3227,3847.K7MVM8,K7MVM8
3228,3847.K7MVS5,K7MVS5
3229,3847.K7MVV6,K7MVV6
3230,3847.K7MVX7,K7MVX7
3231,3847.K7MW18,K7MW18
3232,3847.K7MW38,K7MW38
3233,3847.K7MW54,K7MW54
3234,3847.K7MW71,K7MW71
3235,3847.K7MWB6,K7MWB6
3236,3847.K7MWU9,K7MWU9
3237,3847.K7MWV1,K7MWV1
3238,3847.K7MWW2,K7MWW2
3239,3847.K7MWW3,K7MWW3
3240,3847.K7MWY7,K7MWY7
3241,3847.K7MXM5,K7MXM5
3242,3847.K7MXP2,K7MXP2
3243,3847.K7MXX0,K7MXX0
3244,3847.K7MXY9,K7MXY9
3245,3847.K7MY14,K7MY14
3246,3847.K7MY69,K7MY69
3247,3847.K7MYI5,K7MYI5
3248,3847.K7MYK9,K7MYK9
3249,3847.K7MYM1,K7MYM1
3250,3847.K7MYQ2,K7MYQ2
3251,3847.K7MYR1,K7MYR1
3252,3847.K7MYW2,K7MYW2
3253,3847.K7MYY4,K7MYY4
3254,3847.K7MZ21,K7MZ21
3255,3847.K7MZ44,K7MZ44
3256,3847.K7MZ76,K7MZ76
3257,3847.K7MZJ0,K7MZJ0
3258,3847.K7MZR6,K7MZR6
3259,3847.K7N016,K7N016
3260,3847.K7N057,K7N057
3261,3847.K7N083,K7N083
3262,3847.K7N0K7,K7N0K7
3263,3847.K7N1N7,K7N1N7
3264,3847.K7N1X0,K7N1X0
3265,3847.K7N1Y6,K7N1Y6
3266,3847.K7N228,K7N228
3267,3847.K7N2I4,K7N2I4
3268,3847.K7N2Y4,K7N2Y4
3269,3847.K7N2Y8,K7N2Y8
3270,3847.K7N2Z0,K7N2Z0
3271,3847.K7N2Z3,K7N2Z3
3272,3847.K7N301,K7N301
3273,3847.K7N302,K7N302
3274,3847.K7N306,K7N306
3275,3847.K7N368,K7N368
3276,3847.K7N3D9,K7N3D9
3277,3847.K7N3H6,K7N3H6
3278,3847.K7N3K7,K7N3K7
3279,3847.K7N3L0,K7N3L0
3280,3847.K7N485,K7N485
3281,3847.K7N4D6,K7N4D6
3282,3847.K7N4J1,K7N4J1
3283,3847.K7N4Z7,K7N4Z7
3284,3847.M1FIP8,M1FIP8
3285,3847.M1FN31,M1FN31
3286,3847.M1FN34,M1FN34
3287,3847.M1FN39,M1FN39
3288,3847.M1FQK6,M1FQK6
3289,3847.O48548,O48548
3290,3847.O49227,O49227
3291,3847.O49856,O49856
3292,3847.O81413,O81413
3293,3847.O81980,O81980
3294,3847.P02957,P02957
3295,3847.P05491,P05491
3296,3847.P07506,P07506
3297,3847.P0CC62,P0CC62
3298,3847.P0CC63,P0CC63
3299,3847.P13708,P13708
3300,3847.P13917,P13917
3301,3847.P14853,P14853
3302,3847.P17817,P17817
3303,3847.P17957,P17957
3304,3847.P19168,P19168
3305,3847.P24826,P24826
3306,3847.P26690,P26690
3307,3847.P27991,P27991
3308,3847.P28553,P28553
3309,3847.P30080,P30080
3310,3847.P30081,P30081
3311,3847.P31174,P31174
3312,3847.P31175,P31175
3313,3847.P31531,P31531
3314,3847.P31686,P31686
3315,3847.P31687,P31687
3316,3847.P32110,P32110
3317,3847.P39870,P39870
3318,3847.P42347,P42347
3319,3847.P42348,P42348
3320,3847.P45458,P45458
3321,3847.P46417,P46417
3322,3847.P48406,P48406
3323,3847.P48640,P48640
3324,3847.P49158,P49158
3325,3847.P51820,P51820
3326,3847.P52418,P52418
3327,3847.P54233,P54233
3328,3847.P62163,P62163
3329,3847.P69195,P69195
3330,3847.P69421,P69421
3331,3847.Q00M84,Q00M84
3332,3847.Q00M86,Q00M86
3333,3847.Q00M87,Q00M87
3334,3847.Q00M88,Q00M88
3335,3847.Q01915,Q01915
3336,3847.Q02226,Q02226
3337,3847.Q06197,Q06197
3338,3847.Q0EDG6,Q0EDG6
3339,3847.Q2MJR5,Q2MJR5
3340,3847.Q2N2K0,Q2N2K0
3341,3847.Q2N2K1,Q2N2K1
3342,3847.Q2N2K2,Q2N2K2
3343,3847.Q2PMD5,Q2PMD5
3344,3847.Q2PMM9,Q2PMM9
3345,3847.Q2PMN2,Q2PMN2
3346,3847.Q2PMN3,Q2PMN3
3347,3847.Q2PMN4,Q2PMN4
3348,3847.Q2PMN5,Q2PMN5
3349,3847.Q2PMN6,Q2PMN6
3350,3847.Q2PMN7,Q2PMN7
3351,3847.Q2PMN8,Q2PMN8
3352,3847.Q2PMQ6,Q2PMQ6
3353,3847.Q2PMQ9,Q2PMQ9
3354,3847.Q2PMR7,Q2PMR7
3355,3847.Q2PMR8,Q2PMR8
3356,3847.Q2PMS0,Q2PMS0
3357,3847.Q2PMS6,Q2PMS6
3358,3847.Q2PMS7,Q2PMS7
3359,3847.Q2PMS8,Q2PMS8
3360,3847.Q2PMS9,Q2PMS9
3361,3847.Q2PMT1,Q2PMT1
3362,3847.Q2PMT8,Q2PMT8
3363,3847.Q2PMT9,Q2PMT9
3364,3847.Q2PMU2,Q2PMU2
3365,3847.Q2PMU3,Q2PMU3
3366,3847.Q2PMU8,Q2PMU8
3367,3847.Q2PMU9,Q2PMU9
3368,3847.Q2PMV0,Q2PMV0
3369,3847.Q2Q021,Q2Q021
3370,3847.Q2TUW0,Q2TUW0
3371,3847.Q39810,Q39810
3372,3847.Q39833,Q39833
3373,3847.Q39839,Q39839
3374,3847.Q39886,Q39886
3375,3847.Q39891,Q39891
3376,3847.Q3T7D5,Q3T7D5
3377,3847.Q41219,Q41219
3378,3847.Q42800,Q42800
3379,3847.Q42805,Q42805
3380,3847.Q42806,Q42806
3381,3847.Q4JEZ6,Q4JEZ6
3382,3847.Q53B69,Q53B69
3383,3847.Q53B70,Q53B70
3384,3847.Q53B72,Q53B72
3385,3847.Q53B74,Q53B74
3386,3847.Q53B75,Q53B75
3387,3847.Q5GKZ7,Q5GKZ7
3388,3847.Q5NUF3,Q5NUF3
3389,3847.Q6DW75,Q6DW75
3390,3847.Q6DW76,Q6DW76
3391,3847.Q6PP98,Q6PP98
3392,3847.Q6PP99,Q6PP99
3393,3847.Q6T300,Q6T300
3394,3847.Q6X0M9,Q6X0M9
3395,3847.Q6X0N0,Q6X0N0
3396,3847.Q71EW8,Q71EW8
3397,3847.Q84L66,Q84L66
3398,3847.Q8GZU9,Q8GZU9
3399,3847.Q8RVH5,Q8RVH5
3400,3847.Q8S3B9,Q8S3B9
3401,3847.Q8S5C1,Q8S5C1
3402,3847.Q8SAG8,Q8SAG8
3403,3847.Q8W1A0,Q8W1A0
3404,3847.Q8W1A1,Q8W1A1
3405,3847.Q93XE6,Q93XE6
3406,3847.Q94C02,Q94C02
3407,3847.Q9AWB2,Q9AWB2
3408,3847.Q9FQE2,Q9FQE2
3409,3847.Q9FQE6,Q9FQE6
3410,3847.Q9FZL4,Q9FZL4
3411,3847.Q9LKY3,Q9LKY3
3412,3847.Q9LKY4,Q9LKY4
3413,3847.Q9M4R7,Q9M4R7
3414,3847.Q9M6D6,Q9M6D6
3415,3847.Q9S926,Q9S926
3416,3847.Q9SDY6,Q9SDY6
3417,3847.Q9SDZ0,Q9SDZ0
3418,3847.Q9SLR8,Q9SLR8
3419,3847.Q9SWB4,Q9SWB4
3420,3847.Q9SWR5,Q9SWR5
3421,3847.Q9SYR0,Q9SYR0
3422,3847.Q9XE60,Q9XE60
3423,3847.S4UQS3,S4UQS3
3424,3847.U3THC0,U3THC0
