ChEBI,Name,Control_Mean,Ethylene_Mean,Log2FC,P_Value,KEGG,q_value
CHEBI:138781,"(9Z,11E,13E,15Z)-4-Oxo-9,11,13,15-octadecatetraenoic acid",4.59,4.4750000000000005,-0.0365983957359719,0.4185955883868048,,0.49356793257548626
CHEBI:138781,"(9Z,11E,13E,15Z)-4-Oxo-9,11,13,15-octadecatetraenoic acid",4.69,4.955,0.0792806866446202,1.1045275741106998e-06,,6.712129104211176e-06
CHEBI:142241,(E)-3-Hexadecenoic acid,4.36,0.0,-12.090443275081606,8.48558154734145e-08,C08320,1.1172682370666242e-06
CHEBI:142242,"(Z)-4',6-Dihydroxyaurone 6-glucoside",0.7225,2.705,1.9030969174448125,0.3103596043960461,C10435,0.4155662499540278
CHEBI:75347,1-(10Z-Heptadecenoyl)-sn-glycero-3-phospho-(1'-myo-inositol),0.0,1.34,10.389093521904474,0.3910022189557705,C01177,0.4752180815000902
CHEBI:75347,1-(10Z-Heptadecenoyl)-sn-glycero-3-phospho-(1'-myo-inositol),5.34,3.945,-0.4367189281685759,0.3666710107355139,C01177,0.4748690139033705
CHEBI:142243,"1,2-Di-(9Z,12Z,15Z-octadecatrienoyl)-3-(Galactosyl-alpha-1-6-Galactosyl-beta-1)-glycerol",4.835000000000001,4.470000000000001,-0.1132166987064818,0.0002636146746579,C06037,0.0008677316374155874
CHEBI:142245,13Z-Docosenamide,5.8,5.7775,-0.0056065770150416,0.7353706061422534,,0.8182292659892679
CHEBI:72815,13-OxoODE,3.8075,4.0525,0.0899452473637052,0.0042313558106727,C14765,0.01114257030143811
CHEBI:142246,16-Hydroxy-10-oxohexadecanoic acid,3.5200000000000005,3.765,0.0970477727510965,0.1146682052042221,,0.18872475439861555
CHEBI:142247,"2,3-Dihydro-2,3-dihydroxy-4-(4-methoxyphenyl)-1H-phenalen-1-one",4.465,5.4425,0.2855513063780169,4.481047090284391e-05,,0.000186317221122351
CHEBI:72719,"4E,15Z-Bilirubin IXa",4.3100000000000005,0.0,-12.073806847178492,1.8455507696129696e-06,,9.182800522448815e-06
CHEBI:65842,5-O-Methylembelin,3.9025,4.205,0.1076805803956444,0.03105346620328,C10373,0.059834727562417554
CHEBI:142248,6''-Malonylastragalin,0.0,4.442500000000001,12.117480772832984,7.450115978649134e-08,,1.1172682370666242e-06
CHEBI:80372,6''-Malonylgenistin,0.0,4.36,12.090443275081606,5.283273665148218e-07,,4.173786195467093e-06
CHEBI:80372,6''-Malonylgenistin,5.075,5.82,0.1975749484068102,3.760927695967634e-06,,1.7477252234202535e-05
CHEBI:133395,6''-O-Acetyldaidzin,0.0,5.040000000000001,12.299494239009364,1.722554540691766e-08,,6.804090435732476e-07
CHEBI:142249,6''-O-Acetylgenistin,0.0,4.710000000000001,12.201817616667922,2.1275771037144998e-07,,2.1009823899180684e-06
CHEBI:80371,6''-O-Malonyldaidzin,0.0,2.37,11.211279947482009,0.1816915305637826,,0.26118161113652516
CHEBI:80371,6''-O-Malonyldaidzin,4.89,5.902500000000001,0.2714410720906566,6.262914946836191e-07,,4.497911643636901e-06
CHEBI:142250,"9,12-Octadecadiynoic Acid",5.645,5.455,-0.0493854844255203,0.0001517115161441,,0.00054478226251745
CHEBI:134511,"9-Oxo-15S-hydroxy-5Z,8(12),13E,17Z-prostatetraenoic acid",5.08,5.0575,-0.0064028190148613,0.7668382238469431,,0.8413919400542849
CHEBI:142251,9-OxoOTrE,4.325,3.9875,-0.1171873873831551,0.0078395378422698,,0.01876737847088831
CHEBI:142252,Acrimarine H,0.0,1.26,10.30035256032822,0.3910022189557705,,0.4752180815000902
CHEBI:142253,alpha-Rhamnorobin,3.91,4.9225,0.3321467220660967,0.0003240187188376,,0.001023899151526816
CHEBI:2804,Arborinine,4.88,5.1175,0.0685443320050685,0.0563886579951507,C10643,0.10124327230947512
CHEBI:142254,Auxin a,4.5625,4.455,-0.0343914986865483,0.0120663588702522,C08468,0.026478954187497884
CHEBI:53690,beta-D-Glucuronopyranosyl-(1->3)-alpha-D-galacturonopyranosyl-(1->2)-L-rhamnose,3.39,4.945,0.5445514553645071,4.48520932777149e-07,,3.937017076599419e-06
CHEBI:142255,Calenduloside B,5.715,5.675000000000001,-0.0101313270352648,0.382416113161495,,0.4752180815000902
CHEBI:142256,Cappariloside A,0.0,1.4575,10.510269670898175,0.1816910503261225,,0.26118161113652516
CHEBI:138790,D-1-[(3-Carboxypropyl)amino]-1-deoxyfructose,3.45,3.8875,0.1721992650111803,0.0013301137842115,,0.0037528210340253038
CHEBI:28197,Daidzein,5.0625,5.585000000000001,0.1416806220771888,7.386144355121556e-07,C02495,4.862545033788357e-06
CHEBI:42202,Daidzin,0.0,4.0375000000000005,11.97960382407446,0.0580001189844038,C10216,0.10182243110595333
CHEBI:20386,Dehydrophytosphingosine,3.745,3.3525,-0.1596832975282799,0.0824167279899398,,0.13853024491926053
CHEBI:88805,"DG(14:0/20:3(8Z,11Z,14Z)/0:0)",5.165,4.2975,-0.2652143371524377,0.00017269583251,,0.0005931726420995652
CHEBI:142257,Dihydrofukinolide,4.8225,4.915,0.0274045492906313,0.0009010493078551,,0.0027378036661751116
CHEBI:75852,"Dilinolenin (9c,12c,15c)",5.1875,4.595,-0.1749387164479711,9.996722087179212e-06,,4.3874502493730985e-05
CHEBI:28044,DL-Phenylalanine,4.375,4.635,0.083267828213915,0.0055618335219764,C00503,0.014173704781810825
CHEBI:18416,D-Pantothenoyl-L-cysteine,0.0,0.0,0.0,1.0,C04079,1.0
CHEBI:18088,Formononetin,4.5675,5.015,0.1348167928759245,3.796591093522639e-08,C00858,7.498267409707212e-07
CHEBI:142258,Ganoderic acid F,5.27,3.3175,-0.6675454178367117,0.175678612885769,,0.26118161113652516
CHEBI:142258,Ganoderic acid F,1.045,1.1125,0.0902187065408484,0.9661665576354296,,0.9984423233312085
CHEBI:142261,Ganoderol B,4.3100000000000005,4.279999999999999,-0.0100747269815733,0.6745109164979193,,0.7612337486190803
CHEBI:142262,Gingerenone B,4.510000000000001,4.547499999999999,0.0119435670892184,0.2398321750714458,,0.3383346755472182
CHEBI:69081,Glycerol 1-hexadecanoate,4.9575,5.215,0.0730401138462552,0.1633046092234567,,0.25802128257306156
CHEBI:75555,Glycerol 1-stearate,6.075,6.07,-0.0011876966513293,0.9731653024873804,,0.9984423233312085
CHEBI:80630,Irinotecan,4.1075,1.035,-1.9875877637399808,0.1273080683974017,C11365,0.20525178374274966
CHEBI:80630,Irinotecan,2.73,0.0,-11.415213598765286,0.1816997233163121,C11365,0.26118161113652516
CHEBI:142263,Isopeonidin 3-rutinoside,0.0,1.335,10.383704292474052,0.3910022189557705,,0.4752180815000902
CHEBI:142264,Isopersin,3.865,3.9675,0.0377521679328117,0.4156757523963204,,0.49356793257548626
CHEBI:142265,Isosojagol,0.6875,4.2725,2.6338895629100434,0.0136338350887594,,0.028344025579262962
CHEBI:16467,L-Arginine,4.1,5.15,0.3288767963960743,7.28504108923496e-05,C00062,0.0002740563076426485
CHEBI:142266,Licoagroside B,4.7925,4.25,-0.1732771733432364,4.87727697314295e-05,,0.00019265244043914655
CHEBI:92583,Linolenelaidic acid,4.085,4.5600000000000005,0.1586609661245275,1.4783629466447102e-06,,8.342190913209436e-06
CHEBI:16828,L-Tryptophan,0.0,4.029999999999999,11.97692206785108,1.859807700749127e-06,C00078,9.182800522448815e-06
CHEBI:142267,Methyl N-methylanthranilate,0.0,4.4425,12.117480772832984,3.4276373033129456e-08,C03005,7.498267409707212e-07
CHEBI:75610,"Monolinolenin (9c,12c,15c)",4.785,0.0,-12.2246046815385,1.307409671816772e-08,,6.804090435732476e-07
CHEBI:7508,Neomycin,3.9125,4.15,0.0849994870649997,0.0129115884550052,C00384,0.02756798616068678
CHEBI:142268,N-Malonyltryptophan,3.9625,2.6325,-0.5897935169028812,0.0088601120225447,,0.020586730875912687
CHEBI:116314,Oleamide,5.0625,5.065,0.0007121255097397,0.8702129870977098,C19670,0.9417373422016312
CHEBI:142269,Panaquinquecol 1,4.535,4.61,0.0236590254696987,0.58519697381237,,0.6798611901643711
CHEBI:142270,"PE(20:2(11Z,14Z)/18:1(9Z))",4.3775,2.0725,-1.078368664317462,0.0453876117769157,,0.08537193643753191
CHEBI:89353,"PG(18:2(9Z,12Z)/18:0)",5.055,3.4449999999999994,-0.5530737619521552,0.2555059015284723,,0.35412221439911074
CHEBI:108,Phaseollin,0.0,1.2875,10.33147682185962,0.1818352988925175,C10514,0.26118161113652516
CHEBI:64681,Phenylglucuronide,4.63,4.33,-0.0966235846361249,0.0010973305890382,,0.003210708019778437
CHEBI:142271,PIP(18:0/16:0),4.539999999999999,4.5525,0.0039658473510658,0.599822521517295,,0.6867533217371928
CHEBI:142272,"PIP(18:1(11Z)/20:4(5Z,8Z,11Z,14Z))",3.9575,3.82,-0.0510035936899132,0.325916856364901,,0.42912386088045296
CHEBI:8286,Pollinastanol,4.2575,4.262499999999999,0.0016929068369297,0.9526927256574688,C08833,0.9984423233312085
CHEBI:142273,Polyoxyethylene (600) monoricinoleate,5.867500000000001,5.865,-0.0006147237047665,0.9590138133029602,,0.9984423233312085
CHEBI:142274,Rhodinyl phenylacetate,4.16,3.74,-0.1535063224939328,0.0167430943630315,,0.033915498837935605
CHEBI:142274,Rhodinyl phenylacetate,4.66,4.525,-0.0424029282720516,0.0022108953834415,,0.0060227839755820165
CHEBI:8878,Robinin,4.1,2.965,-0.4674571458725858,0.0185440175428599,C10178,0.036624434647148305
CHEBI:142275,Sedanonic acid,2.375,4.5275,0.9304984214340156,0.0733517906028359,C17875,0.12597372733965298
CHEBI:142276,Soyacerebroside I,3.655,4.33,0.2444341020094986,0.0101567619051741,,0.0229252625859644
CHEBI:62867,Soyasaponin III,4.925,4.9875,0.0181894466668586,0.2804353213245137,C19865,0.38197224801097557
CHEBI:142239,Thr-Cys(Trioxidation),4.717499999999999,5.0875,0.1089121348075222,1.1906712242023909e-07,,1.343757524456984e-06
CHEBI:18123,Trigonelline,4.975,5.0225,0.0137063912972695,0.0078284922401867,C01004,0.01876737847088831
CHEBI:75011,Val-Glu,0.0,0.0,0.0,1.0,,1.0
CHEBI:142277,Yucalexin P8,3.65,3.997500000000001,0.131167219122007,0.0468621639465245,,0.0860956035296613
