ChEBI,Name,Control_Mean,Ethylene_Mean,Log2FC,P_Value,KEGG
CHEBI:138781,"(9Z,11E,13E,15Z)-4-Oxo-9,11,13,15-octadecatetraenoic acid",4.59,4.4750000000000005,-0.036598395735971914,0.41859558838680483,
CHEBI:138781,"(9Z,11E,13E,15Z)-4-Oxo-9,11,13,15-octadecatetraenoic acid",4.6899999999999995,4.955,0.07928068664462028,1.1045275741106998e-06,
CHEBI:142241,(E)-3-Hexadecenoic acid,4.36,0.0,-12.090443275081606,8.48558154734145e-08,C08320
CHEBI:142242,"(Z)-4',6-Dihydroxyaurone 6-glucoside",0.7225,2.705,1.9030969174448125,0.31035960439604615,C10435
CHEBI:75347,1-(10Z-Heptadecenoyl)-sn-glycero-3-phospho-(1'-myo-inositol),0.0,1.34,10.389093521904474,0.39100221895577053,C01177
CHEBI:75347,1-(10Z-Heptadecenoyl)-sn-glycero-3-phospho-(1'-myo-inositol),5.34,3.945,-0.43671892816857594,0.3666710107355139,C01177
CHEBI:142243,"1,2-Di-(9Z,12Z,15Z-octadecatrienoyl)-3-(Galactosyl-alpha-1-6-Galactosyl-beta-1)-glycerol",4.835000000000001,4.470000000000001,-0.11321669870648181,0.00026361467465797544,C06037
CHEBI:142245,13Z-Docosenamide,5.8,5.7775,-0.005606577015041676,0.7353706061422534,
CHEBI:72815,13-OxoODE,3.8075,4.0525,0.08994524736370521,0.004231355810672765,C14765
CHEBI:142246,16-Hydroxy-10-oxohexadecanoic acid,3.5200000000000005,3.7649999999999997,0.09704777275109659,0.11466820520422213,
CHEBI:142247,"2,3-Dihydro-2,3-dihydroxy-4-(4-methoxyphenyl)-1H-phenalen-1-one",4.465,5.4425,0.28555130637801696,4.4810470902843906e-05,
CHEBI:72719,"4E,15Z-Bilirubin IXa",4.3100000000000005,0.0,-12.073806847178492,1.8455507696129696e-06,
CHEBI:65842,5-O-Methylembelin,3.9025000000000003,4.205,0.10768058039564446,0.03105346620328007,C10373
CHEBI:142248,6''-Malonylastragalin,0.0,4.442500000000001,12.117480772832984,7.450115978649134e-08,
CHEBI:80372,6''-Malonylgenistin,0.0,4.36,12.090443275081606,5.283273665148218e-07,
CHEBI:80372,6''-Malonylgenistin,5.075,5.82,0.19757494840681025,3.760927695967634e-06,
CHEBI:133395,6''-O-Acetyldaidzin,0.0,5.040000000000001,12.299494239009364,1.722554540691766e-08,
CHEBI:142249,6''-O-Acetylgenistin,0.0,4.710000000000001,12.201817616667922,2.1275771037144995e-07,
CHEBI:80371,6''-O-Malonyldaidzin,0.0,2.37,11.211279947482009,0.18169153056378265,
CHEBI:80371,6''-O-Malonyldaidzin,4.89,5.902500000000001,0.27144107209065665,6.262914946836191e-07,
CHEBI:142250,"9,12-Octadecadiynoic Acid",5.645,5.455,-0.049385484425520335,0.0001517115161441844,
CHEBI:134511,"9-Oxo-15S-hydroxy-5Z,8(12),13E,17Z-prostatetraenoic acid",5.08,5.0575,-0.00640281901486138,0.7668382238469431,
CHEBI:142251,9-OxoOTrE,4.325,3.9875,-0.11718738738315512,0.00783953784226986,
CHEBI:142252,Acrimarine H,0.0,1.26,10.30035256032822,0.39100221895577053,
CHEBI:142253,alpha-Rhamnorobin,3.91,4.9225,0.3321467220660967,0.00032401871883768965,
CHEBI:2804,Arborinine,4.88,5.1175,0.0685443320050685,0.05638865799515074,C10643
CHEBI:142254,Auxin a,4.5625,4.455,-0.0343914986865483,0.012066358870252255,C08468
CHEBI:53690,beta-D-Glucuronopyranosyl-(1->3)-alpha-D-galacturonopyranosyl-(1->2)-L-rhamnose,3.39,4.945,0.5445514553645071,4.48520932777149e-07,
CHEBI:142255,Calenduloside B,5.715,5.675000000000001,-0.010131327035264821,0.382416113161495,
CHEBI:142256,Cappariloside A,0.0,1.4575,10.510269670898177,0.18169105032612254,
CHEBI:138790,D-1-[(3-Carboxypropyl)amino]-1-deoxyfructose,3.45,3.8875,0.17219926501118032,0.0013301137842115767,
CHEBI:28197,Daidzein,5.0625,5.585000000000001,0.14168062207718887,7.386144355121556e-07,C02495
CHEBI:42202,Daidzin,0.0,4.0375000000000005,11.979603824074461,0.058000118984403846,C10216
CHEBI:20386,Dehydrophytosphingosine,3.745,3.3524999999999996,-0.15968329752827992,0.08241672798993983,
CHEBI:88805,"DG(14:0/20:3(8Z,11Z,14Z)/0:0)",5.165,4.2975,-0.2652143371524377,0.0001726958325100555,
CHEBI:142257,Dihydrofukinolide,4.8225,4.915,0.02740454929063138,0.0009010493078551603,
CHEBI:75852,"Dilinolenin (9c,12c,15c)",5.1875,4.595,-0.1749387164479711,9.996722087179213e-06,
CHEBI:28044,DL-Phenylalanine,4.375,4.635,0.08326782821391507,0.005561833521976496,C00503
CHEBI:18416,D-Pantothenoyl-L-cysteine,0.0,0.0,0.0,1.0,C04079
CHEBI:18088,Formononetin,4.5675,5.015,0.13481679287592455,3.796591093522639e-08,C00858
CHEBI:142258,Ganoderic acid F,5.27,3.3175,-0.6675454178367117,0.17567861288576903,
CHEBI:142258,Ganoderic acid F,1.045,1.1125,0.09021870654084843,0.9661665576354295,
CHEBI:142261,Ganoderol B,4.3100000000000005,4.279999999999999,-0.010074726981573315,0.6745109164979193,
CHEBI:142262,Gingerenone B,4.510000000000001,4.547499999999999,0.01194356708921842,0.2398321750714458,
CHEBI:69081,Glycerol 1-hexadecanoate,4.9575,5.215,0.0730401138462552,0.16330460922345671,
CHEBI:75555,Glycerol 1-stearate,6.075,6.07,-0.001187696651329385,0.9731653024873805,
CHEBI:80630,Irinotecan,4.1075,1.035,-1.9875877637399808,0.12730806839740175,C11365
CHEBI:80630,Irinotecan,2.73,0.0,-11.415213598765286,0.18169972331631215,C11365
CHEBI:142263,Isopeonidin 3-rutinoside,0.0,1.335,10.383704292474052,0.39100221895577053,
CHEBI:142264,Isopersin,3.8649999999999998,3.9675,0.037752167932811775,0.4156757523963204,
CHEBI:142265,Isosojagol,0.6875,4.2725,2.6338895629100434,0.013633835088759493,
CHEBI:16467,L-Arginine,4.1,5.15,0.3288767963960743,7.28504108923496e-05,C00062
CHEBI:142266,Licoagroside B,4.7925,4.25,-0.1732771733432364,4.87727697314295e-05,
CHEBI:92583,Linolenelaidic acid,4.085,4.5600000000000005,0.15866096612452754,1.4783629466447102e-06,
CHEBI:16828,L-Tryptophan,0.0,4.029999999999999,11.97692206785108,1.859807700749127e-06,C00078
CHEBI:142267,Methyl N-methylanthranilate,0.0,4.4425,12.117480772832984,3.427637303312945e-08,C03005
CHEBI:75610,"Monolinolenin (9c,12c,15c)",4.785,0.0,-12.2246046815385,1.3074096718167721e-08,
CHEBI:7508,Neomycin,3.9125,4.15,0.0849994870649997,0.012911588455005292,C00384
CHEBI:142268,N-Malonyltryptophan,3.9625,2.6325,-0.5897935169028812,0.00886011202254474,
CHEBI:116314,Oleamide,5.0625,5.065,0.0007121255097397368,0.8702129870977098,C19670
CHEBI:142269,Panaquinquecol 1,4.535,4.61,0.023659025469698773,0.58519697381237,
CHEBI:142270,"PE(20:2(11Z,14Z)/18:1(9Z))",4.3774999999999995,2.0725000000000002,-1.0783686643174621,0.04538761177691571,
CHEBI:89353,"PG(18:2(9Z,12Z)/18:0)",5.055,3.4449999999999994,-0.5530737619521552,0.2555059015284723,
CHEBI:108,Phaseollin,0.0,1.2875,10.331476821859619,0.1818352988925175,C10514
CHEBI:64681,Phenylglucuronide,4.63,4.33,-0.0966235846361249,0.0010973305890382052,
CHEBI:142271,PIP(18:0/16:0),4.539999999999999,4.5525,0.003965847351065894,0.599822521517295,
CHEBI:142272,"PIP(18:1(11Z)/20:4(5Z,8Z,11Z,14Z))",3.9575,3.8200000000000003,-0.05100359368991328,0.325916856364901,
CHEBI:8286,Pollinastanol,4.2575,4.262499999999999,0.0016929068369297006,0.9526927256574687,C08833
CHEBI:142273,Polyoxyethylene (600) monoricinoleate,5.867500000000001,5.865,-0.0006147237047665518,0.9590138133029602,
CHEBI:142274,Rhodinyl phenylacetate,4.16,3.74,-0.15350632249393284,0.016743094363031574,
CHEBI:142274,Rhodinyl phenylacetate,4.66,4.525,-0.0424029282720516,0.0022108953834415164,
CHEBI:8878,Robinin,4.1,2.965,-0.46745714587258586,0.0185440175428599,C10178
CHEBI:142275,Sedanonic acid,2.375,4.5275,0.9304984214340157,0.07335179060283593,C17875
CHEBI:142276,Soyacerebroside I,3.6550000000000002,4.33,0.24443410200949864,0.010156761905174144,
CHEBI:62867,Soyasaponin III,4.925,4.9875,0.01818944666685864,0.28043532132451376,C19865
CHEBI:142239,Thr-Cys(Trioxidation),4.717499999999999,5.0875,0.10891213480752221,1.1906712242023907e-07,
CHEBI:18123,Trigonelline,4.975,5.0225,0.013706391297269546,0.007828492240186752,C01004
CHEBI:75011,Val-Glu,0.0,0.0,0.0,1.0,
CHEBI:142277,Yucalexin P8,3.6500000000000004,3.9975000000000005,0.13116721912200707,0.04686216394652456,
