Metabolite_Name,ChEBI,PlantCyc_Compound_ID,PlantCyc_Pathway_ID,ORGID
"(9Z,11E,13E,15Z)-4-Oxo-9,11,13,15-octadecatetraenoic acid",CHEBI:138781,,,META
"(9Z,11E,13E,15Z)-4-Oxo-9,11,13,15-octadecatetraenoic acid",CHEBI:138781,,,META
(E)-3-Hexadecenoic acid,CHEBI:142241,,,META
"(Z)-4',6-Dihydroxyaurone 6-glucoside",CHEBI:142242,,,META
1-(10Z-Heptadecenoyl)-sn-glycero-3-phospho-(1'-myo-inositol),CHEBI:75347,,,META
1-(10Z-Heptadecenoyl)-sn-glycero-3-phospho-(1'-myo-inositol),CHEBI:75347,,,META
"1,2-Di-(9Z,12Z,15Z-octadecatrienoyl)-3-(Galactosyl-alpha-1-6-Galactosyl-beta-1)-glycerol",CHEBI:142243,,,META
13Z-Docosenamide,CHEBI:142245,CPD-23010,,META
13-OxoODE,CHEBI:72815,CPD-24626,PWY-8395,META
13-OxoODE,CHEBI:72815,CPD-24626,Icosanoid-Metabolism,META
16-Hydroxy-10-oxohexadecanoic acid,CHEBI:142246,,,META
"2,3-Dihydro-2,3-dihydroxy-4-(4-methoxyphenyl)-1H-phenalen-1-one",CHEBI:142247,,,META
"4E,15Z-Bilirubin IXa",CHEBI:72719,,,META
5-O-Methylembelin,CHEBI:65842,,,META
6''-Malonylastragalin,CHEBI:142248,,,META
6''-Malonylgenistin,CHEBI:80372,,,META
6''-Malonylgenistin,CHEBI:80372,,,META
6''-O-Acetyldaidzin,CHEBI:133395,,,META
6''-O-Acetylgenistin,CHEBI:142249,,,META
6''-O-Malonyldaidzin,CHEBI:80371,,,META
6''-O-Malonyldaidzin,CHEBI:80371,,,META
"9,12-Octadecadiynoic Acid",CHEBI:142250,,,META
"9-Oxo-15S-hydroxy-5Z,8(12),13E,17Z-prostatetraenoic acid",CHEBI:134511,,,META
9-OxoOTrE,CHEBI:142251,,,META
Acrimarine H,CHEBI:142252,,,META
alpha-Rhamnorobin,CHEBI:142253,,,META
Arborinine,CHEBI:2804,,,META
Auxin a,CHEBI:142254,,,META
beta-D-Glucuronopyranosyl-(1->3)-alpha-D-galacturonopyranosyl-(1->2)-L-rhamnose,CHEBI:53690,,,META
Calenduloside B,CHEBI:142255,,,META
Cappariloside A,CHEBI:142256,,,META
D-1-[(3-Carboxypropyl)amino]-1-deoxyfructose,CHEBI:138790,,,META
Daidzein,CHEBI:28197,DAIDZEIN,PWY-6996,META
Daidzein,CHEBI:28197,DAIDZEIN,FLAVONOID-DEG,META
Daidzein,CHEBI:28197,DAIDZEIN,PWY-8445,META
Daidzein,CHEBI:28197,DAIDZEIN,FLAVONOID-DEG,META
Daidzein,CHEBI:28197,DAIDZEIN,PWY-6332,META
Daidzein,CHEBI:28197,DAIDZEIN,ISOFLAVONOID-SYN,META
Daidzein,CHEBI:28197,DAIDZEIN,PWY-2761,META
Daidzein,CHEBI:28197,DAIDZEIN,ISOFLAVONOID-PHYTOALEXINS,META
Daidzein,CHEBI:28197,DAIDZEIN,ISOFLAVONOID-SYN,META
Daidzein,CHEBI:28197,DAIDZEIN,PWY-2055,META
Daidzein,CHEBI:28197,DAIDZEIN,ISOFLAVONOID-SYN,META
Daidzein,CHEBI:28197,DAIDZEIN,Super-Pathways,META
Daidzein,CHEBI:28197,DAIDZEIN,PWY-3042,META
Daidzein,CHEBI:28197,DAIDZEIN,PWY-2761,META
Daidzein,CHEBI:28197,DAIDZEIN,PWY-2762,META
Daidzein,CHEBI:28197,DAIDZEIN,PWY-2343,META
Daidzein,CHEBI:28197,DAIDZEIN,ISOFLAVONOID-PHYTOALEXINS,META
Daidzein,CHEBI:28197,DAIDZEIN,ISOFLAVONOID-SYN,META
Daidzein,CHEBI:28197,DAIDZEIN,Interconversion,META
Daidzein,CHEBI:28197,DAIDZEIN,PWY-2321,META
Daidzein,CHEBI:28197,DAIDZEIN,ISOFLAVONOID-PHYTOALEXINS,META
Daidzein,CHEBI:28197,DAIDZEIN,ISOFLAVONOID-SYN,META
Daidzein,CHEBI:28197,DAIDZEIN,PWY-2229,META
Daidzein,CHEBI:28197,DAIDZEIN,ISOFLAVONOID-SYN,META
Daidzein,CHEBI:28197,DAIDZEIN,Super-Pathways,META
Daidzein,CHEBI:28197,DAIDZEIN,PWY-2464,META
Daidzein,CHEBI:28197,DAIDZEIN,PWY-2463,META
Daidzein,CHEBI:28197,DAIDZEIN,PWY-2321,META
Daidzein,CHEBI:28197,DAIDZEIN,PWY-2002,META
Daidzein,CHEBI:28197,DAIDZEIN,ISOFLAVONOID-PHYTOALEXINS,META
Daidzein,CHEBI:28197,DAIDZEIN,ISOFLAVONOID-SYN,META
Daidzin,CHEBI:42202,CPD-3424,PWY-6996,META
Daidzin,CHEBI:42202,CPD-3424,FLAVONOID-DEG,META
Daidzin,CHEBI:42202,CPD-3424,PWY-2343,META
Daidzin,CHEBI:42202,CPD-3424,ISOFLAVONOID-PHYTOALEXINS,META
Daidzin,CHEBI:42202,CPD-3424,ISOFLAVONOID-SYN,META
Daidzin,CHEBI:42202,CPD-3424,Interconversion,META
Dehydrophytosphingosine,CHEBI:20386,CPD-10693,,META
"DG(14:0/20:3(8Z,11Z,14Z)/0:0)",CHEBI:88805,,,META
Dihydrofukinolide,CHEBI:142257,,,META
"Dilinolenin (9c,12c,15c)",CHEBI:75852,,,META
DL-Phenylalanine,CHEBI:28044,,,META
D-Pantothenoyl-L-cysteine,CHEBI:18416,CPD-46,,META
Formononetin,CHEBI:18088,FORMONONETIN,PWY-2321,META
Formononetin,CHEBI:18088,FORMONONETIN,ISOFLAVONOID-PHYTOALEXINS,META
Formononetin,CHEBI:18088,FORMONONETIN,ISOFLAVONOID-SYN,META
Formononetin,CHEBI:18088,FORMONONETIN,PWY-2463,META
Formononetin,CHEBI:18088,FORMONONETIN,ISOFLAVONOID-PHYTOALEXINS,META
Formononetin,CHEBI:18088,FORMONONETIN,ISOFLAVONOID-SYN,META
Formononetin,CHEBI:18088,FORMONONETIN,PWY-2464,META
Formononetin,CHEBI:18088,FORMONONETIN,ISOFLAVONOID-PHYTOALEXINS,META
Formononetin,CHEBI:18088,FORMONONETIN,ISOFLAVONOID-SYN,META
Formononetin,CHEBI:18088,FORMONONETIN,PWY-2229,META
Formononetin,CHEBI:18088,FORMONONETIN,ISOFLAVONOID-SYN,META
Formononetin,CHEBI:18088,FORMONONETIN,Super-Pathways,META
Formononetin,CHEBI:18088,FORMONONETIN,PWY-2464,META
Formononetin,CHEBI:18088,FORMONONETIN,PWY-2463,META
Formononetin,CHEBI:18088,FORMONONETIN,PWY-2321,META
Formononetin,CHEBI:18088,FORMONONETIN,PWY-6427,META
Formononetin,CHEBI:18088,FORMONONETIN,Rotenoids-Biosynthesis,META
Formononetin,CHEBI:18088,FORMONONETIN,PWY-2904,META
Formononetin,CHEBI:18088,FORMONONETIN,ISOFLAVONOID-PHYTOALEXINS,META
Formononetin,CHEBI:18088,FORMONONETIN,ISOFLAVONOID-SYN,META
Formononetin,CHEBI:18088,FORMONONETIN,Interconversion,META
Formononetin,CHEBI:18088,FORMONONETIN,PWY-5717,META
Formononetin,CHEBI:18088,FORMONONETIN,Super-Pathways,META
Formononetin,CHEBI:18088,FORMONONETIN,PWY-2904,META
Formononetin,CHEBI:18088,FORMONONETIN,PWY-2464,META
Formononetin,CHEBI:18088,FORMONONETIN,PWY-2463,META
Ganoderic acid F,CHEBI:142258,,,META
Ganoderic acid F,CHEBI:142258,,,META
Ganoderol B,CHEBI:142261,,,META
Gingerenone B,CHEBI:142262,,,META
Glycerol 1-hexadecanoate,CHEBI:69081,,,META
Glycerol 1-stearate,CHEBI:75555,,,META
Irinotecan,CHEBI:80630,CPD-21277,,META
Irinotecan,CHEBI:80630,CPD-21277,,META
Isopeonidin 3-rutinoside,CHEBI:142263,,,META
Isopersin,CHEBI:142264,,,META
Isosojagol,CHEBI:142265,,,META
L-Arginine,CHEBI:16467,ARG,ARGSYNBSUB-PWY,META
L-Arginine,CHEBI:16467,ARG,ARGININE-SYN,META
L-Arginine,CHEBI:16467,ARG,PWY-7400,META
L-Arginine,CHEBI:16467,ARG,ARGININE-SYN,META
L-Arginine,CHEBI:16467,ARG,ARGSYN-PWY,META
L-Arginine,CHEBI:16467,ARG,Super-Pathways,META
L-Arginine,CHEBI:16467,ARG,ARGININE-SYN,META
L-Arginine,CHEBI:16467,ARG,GLUTORN-PWY,META
L-Arginine,CHEBI:16467,ARG,PWY-5154,META
L-Arginine,CHEBI:16467,ARG,ARGININE-SYN,META
L-Arginine,CHEBI:16467,ARG,PWY-8451,META
L-Arginine,CHEBI:16467,ARG,Opine-Biosynthesis,META
L-Arginine,CHEBI:16467,ARG,OCTOPINEDEG-PWY,META
L-Arginine,CHEBI:16467,ARG,N-CONTAINING-SECONDARY-CMPD-DEG,META
L-Arginine,CHEBI:16467,ARG,NOPALINEDEG-PWY,META
L-Arginine,CHEBI:16467,ARG,N-CONTAINING-SECONDARY-CMPD-DEG,META
L-Arginine,CHEBI:16467,ARG,PWY-8450,META
L-Arginine,CHEBI:16467,ARG,Opine-Biosynthesis,META
L-Arginine,CHEBI:16467,ARG,PWY-7351,META
L-Arginine,CHEBI:16467,ARG,Opine-Biosynthesis,META
L-Arginine,CHEBI:16467,ARG,Pyruvate-Degradation,META
L-Arginine,CHEBI:16467,ARG,PWY-8529,META
L-Arginine,CHEBI:16467,ARG,SECONDARY-METABOLITE-BIOSYNTHESIS,META
L-Arginine,CHEBI:16467,ARG,PWY-8498,META
L-Arginine,CHEBI:16467,ARG,SECONDARY-METABOLITE-BIOSYNTHESIS,META
L-Arginine,CHEBI:16467,ARG,PWY-8496,META
L-Arginine,CHEBI:16467,ARG,SECONDARY-METABOLITE-BIOSYNTHESIS,META
L-Arginine,CHEBI:16467,ARG,PWY-8492,META
L-Arginine,CHEBI:16467,ARG,SECONDARY-METABOLITE-BIOSYNTHESIS,META
L-Arginine,CHEBI:16467,ARG,PWY-6511,META
L-Arginine,CHEBI:16467,ARG,Antibiotic-Biosynthesis,META
L-Arginine,CHEBI:16467,ARG,PWY-5024,META
L-Arginine,CHEBI:16467,ARG,ARGININE-DEG,META
L-Arginine,CHEBI:16467,ARG,PWY-7126,META
L-Arginine,CHEBI:16467,ARG,Ethylene-Biosynthesis,META
L-Arginine,CHEBI:16467,ARG,PWY-6853,META
L-Arginine,CHEBI:16467,ARG,Ethylene-Biosynthesis,META
L-Arginine,CHEBI:16467,ARG,ARGDEGRAD-PWY,META
L-Arginine,CHEBI:16467,ARG,ARGININE-DEG,META
L-Arginine,CHEBI:16467,ARG,Super-Pathways,META
L-Arginine,CHEBI:16467,ARG,CITRULLINE-DEG-PWY,META
L-Arginine,CHEBI:16467,ARG,PWY-6344,META
L-Arginine,CHEBI:16467,ARG,ARGININE-DEG,META
L-Arginine,CHEBI:16467,ARG,Stickland-Oxidative,META
L-Arginine,CHEBI:16467,ARG,PWY-8187,META
L-Arginine,CHEBI:16467,ARG,ARGININE-DEG,META
L-Arginine,CHEBI:16467,ARG,Stickland-Reductive,META
L-Arginine,CHEBI:16467,ARG,PWY2PN3-13,META
L-Arginine,CHEBI:16467,ARG,Storage-Compounds-Biosynthesis,META
L-Arginine,CHEBI:16467,ARG,PWY-4981,META
L-Arginine,CHEBI:16467,ARG,PROLINE-SYN,META
L-Arginine,CHEBI:16467,ARG,PWY-8298,META
L-Arginine,CHEBI:16467,ARG,Antibiotic-Biosynthesis,META
L-Arginine,CHEBI:16467,ARG,PWY2PN3-14,META
L-Arginine,CHEBI:16467,ARG,Spermidine-Biosynthesis,META
L-Arginine,CHEBI:16467,ARG,PWY-6834,META
L-Arginine,CHEBI:16467,ARG,Spermidine-Biosynthesis,META
L-Arginine,CHEBI:16467,ARG,PWY-43,META
L-Arginine,CHEBI:16467,ARG,Putrescine-Biosynthesis,META
L-Arginine,CHEBI:16467,ARG,PWY-40,META
L-Arginine,CHEBI:16467,ARG,Putrescine-Biosynthesis,META
L-Arginine,CHEBI:16467,ARG,PWY0-1299,META
L-Arginine,CHEBI:16467,ARG,Acid-Resistance,META
L-Arginine,CHEBI:16467,ARG,ARGDEG-III-PWY,META
L-Arginine,CHEBI:16467,ARG,ARGININE-DEG,META
L-Arginine,CHEBI:16467,ARG,PWY0-823,META
L-Arginine,CHEBI:16467,ARG,ARGININE-DEG,META
L-Arginine,CHEBI:16467,ARG,ARGDEG-PWY,META
L-Arginine,CHEBI:16467,ARG,Super-Pathways,META
L-Arginine,CHEBI:16467,ARG,ARGININE-DEG,META
L-Arginine,CHEBI:16467,ARG,PUTDEG-PWY,META
L-Arginine,CHEBI:16467,ARG,4AMINOBUTMETAB-PWY,META
L-Arginine,CHEBI:16467,ARG,PWY0-823,META
L-Arginine,CHEBI:16467,ARG,PWY0-1221,META
L-Arginine,CHEBI:16467,ARG,ORNARGDEG-PWY,META
L-Arginine,CHEBI:16467,ARG,Super-Pathways,META
L-Arginine,CHEBI:16467,ARG,ARGININE-DEG,META
L-Arginine,CHEBI:16467,ARG,ORNDEG-PWY,META
L-Arginine,CHEBI:16467,ARG,ARGDEG-PWY,META
L-Arginine,CHEBI:16467,ARG,PWY-8532,META
L-Arginine,CHEBI:16467,ARG,Antibiotic-Biosynthesis,META
L-Arginine,CHEBI:16467,ARG,ARGDEG-V-PWY,META
L-Arginine,CHEBI:16467,ARG,ARGININE-DEG,META
L-Arginine,CHEBI:16467,ARG,PWY-6409,META
L-Arginine,CHEBI:16467,ARG,Siderophores-Biosynthesis,META
L-Arginine,CHEBI:16467,ARG,PWY-8506,META
L-Arginine,CHEBI:16467,ARG,Antibiotic-Biosynthesis,META
L-Arginine,CHEBI:16467,ARG,PWY-8045,META
L-Arginine,CHEBI:16467,ARG,S-CONTAINING-SECONDARY-CMPD-SYN,META
L-Arginine,CHEBI:16467,ARG,Toxin-Biosynthesis,META
L-Arginine,CHEBI:16467,ARG,PWY-7693,META
L-Arginine,CHEBI:16467,ARG,Antibiotic-Biosynthesis,META
L-Arginine,CHEBI:16467,ARG,GLYCGREAT-PWY,META
L-Arginine,CHEBI:16467,ARG,GLYCINE-DEG,META
L-Arginine,CHEBI:16467,ARG,Other-biosynthesis,META
L-Arginine,CHEBI:16467,ARG,TRNA-CHARGING-PWY,META
L-Arginine,CHEBI:16467,ARG,Aminoacyl-tRNAs-Charging,META
L-Arginine,CHEBI:16467,ARG,Metabolic-Clusters,META
L-Arginine,CHEBI:16467,ARG,PWY-7987,META
L-Arginine,CHEBI:16467,ARG,Siderophores-Biosynthesis,META
L-Arginine,CHEBI:16467,ARG,PWY-7860,META
L-Arginine,CHEBI:16467,ARG,Nitric-Oxide-Biosynthesis,META
L-Arginine,CHEBI:16467,ARG,PWY-8531,META
L-Arginine,CHEBI:16467,ARG,Herbicide-Biosynthesis,META
L-Arginine,CHEBI:16467,ARG,PWY-6422,META
L-Arginine,CHEBI:16467,ARG,D-Amino-Acid-Degradation,META
L-Arginine,CHEBI:16467,ARG,AST-PWY,META
L-Arginine,CHEBI:16467,ARG,ARGININE-DEG,META
L-Arginine,CHEBI:16467,ARG,ARGDEG-IV-PWY,META
L-Arginine,CHEBI:16467,ARG,ARGININE-DEG,META
L-Arginine,CHEBI:16467,ARG,PWY-7797,META
L-Arginine,CHEBI:16467,ARG,Beta-Lactam-Antibiotics-BioSynthesis,META
L-Arginine,CHEBI:16467,ARG,PWY-7770,META
L-Arginine,CHEBI:16467,ARG,Antibiotic-Biosynthesis,META
L-Arginine,CHEBI:16467,ARG,PWY-5679,META
L-Arginine,CHEBI:16467,ARG,Beta-Lactam-Antibiotics-BioSynthesis,META
L-Arginine,CHEBI:16467,ARG,PWY-7600,META
L-Arginine,CHEBI:16467,ARG,ALKALOIDS-SYN,META
L-Arginine,CHEBI:16467,ARG,PWY-7570,META
L-Arginine,CHEBI:16467,ARG,Antibiotic-Biosynthesis,META
L-Arginine,CHEBI:16467,ARG,PWY-7523,META
L-Arginine,CHEBI:16467,ARG,ARGININE-DEG,META
L-Arginine,CHEBI:16467,ARG,PWY-7510,META
L-Arginine,CHEBI:16467,ARG,Antibiotic-Biosynthesis,META
L-Arginine,CHEBI:16467,ARG,PWY-7274,META
L-Arginine,CHEBI:16467,ARG,Antibiotic-Biosynthesis,META
L-Arginine,CHEBI:16467,ARG,PWY-46,META
L-Arginine,CHEBI:16467,ARG,Putrescine-Biosynthesis,META
L-Arginine,CHEBI:16467,ARG,ARG+POLYAMINE-SYN,META
L-Arginine,CHEBI:16467,ARG,Polyamine-Biosynthesis,META
L-Arginine,CHEBI:16467,ARG,Super-Pathways,META
L-Arginine,CHEBI:16467,ARG,ARGSYN-PWY,META
L-Arginine,CHEBI:16467,ARG,POLYAMSYN-PWY,META
L-Arginine,CHEBI:16467,ARG,POLYAMSYN-PWY,META
L-Arginine,CHEBI:16467,ARG,Polyamine-Biosynthesis,META
L-Arginine,CHEBI:16467,ARG,Super-Pathways,META
L-Arginine,CHEBI:16467,ARG,PWY-40,META
L-Arginine,CHEBI:16467,ARG,PWY-46,META
L-Arginine,CHEBI:16467,ARG,BSUBPOLYAMSYN-PWY,META
L-Arginine,CHEBI:16467,ARG,PWY0-1303,META
L-Arginine,CHEBI:16467,ARG,PWY0-1601,META
L-Arginine,CHEBI:16467,ARG,PWY-7341,META
L-Arginine,CHEBI:16467,ARG,Super-Pathways,META
L-Arginine,CHEBI:16467,ARG,TROPANE-ALKALOIDS,META
L-Arginine,CHEBI:16467,ARG,PWY-46,META
L-Arginine,CHEBI:16467,ARG,PWY-5317,META
L-Arginine,CHEBI:16467,ARG,PWY-5315,META
L-Arginine,CHEBI:16467,ARG,PWY-6305,META
L-Arginine,CHEBI:16467,ARG,Putrescine-Biosynthesis,META
L-Arginine,CHEBI:16467,ARG,Super-Pathways,META
L-Arginine,CHEBI:16467,ARG,PWY-46,META
L-Arginine,CHEBI:16467,ARG,PWY-40,META
L-Arginine,CHEBI:16467,ARG,POLYAMINSYN3-PWY,META
L-Arginine,CHEBI:16467,ARG,Polyamine-Biosynthesis,META
L-Arginine,CHEBI:16467,ARG,Super-Pathways,META
L-Arginine,CHEBI:16467,ARG,PWY-43,META
L-Arginine,CHEBI:16467,ARG,PWY-46,META
L-Arginine,CHEBI:16467,ARG,BSUBPOLYAMSYN-PWY,META
L-Arginine,CHEBI:16467,ARG,PWY-6922,META
L-Arginine,CHEBI:16467,ARG,L-Ornithine-Biosynthesis,META
L-Arginine,CHEBI:16467,ARG,CITRULBIO-PWY,META
L-Arginine,CHEBI:16467,ARG,Citrulline-Biosynthesis,META
L-Arginine,CHEBI:16467,ARG,ARGASEDEG-PWY,META
L-Arginine,CHEBI:16467,ARG,ARGININE-DEG,META
L-Arginine,CHEBI:16467,ARG,GLUTAMATE-SYN,META
L-Arginine,CHEBI:16467,ARG,ARG-GLU-PWY,META
L-Arginine,CHEBI:16467,ARG,ARGININE-DEG,META
L-Arginine,CHEBI:16467,ARG,ARG-PRO-PWY,META
L-Arginine,CHEBI:16467,ARG,ARGININE-DEG,META
L-Arginine,CHEBI:16467,ARG,PWY-4984,META
L-Arginine,CHEBI:16467,ARG,NITROGEN-DEG,META
L-Arginine,CHEBI:16467,ARG,PWY-6845,META
L-Arginine,CHEBI:16467,ARG,Nitric-Oxide-Biosynthesis,META
L-Arginine,CHEBI:16467,ARG,PWY-4983,META
L-Arginine,CHEBI:16467,ARG,Nitric-Oxide-Biosynthesis,META
L-Arginine,CHEBI:16467,ARG,PWY-5004,META
L-Arginine,CHEBI:16467,ARG,Citrulline-Biosynthesis,META
L-Arginine,CHEBI:16467,ARG,Super-Pathways,META
L-Arginine,CHEBI:16467,ARG,PWY-4983,META
L-Arginine,CHEBI:16467,ARG,PWY-4984,META
L-Arginine,CHEBI:16467,ARG,CITRULBIO-PWY,META
L-Arginine,CHEBI:16467,ARG,PWY-7052,META
L-Arginine,CHEBI:16467,ARG,Storage-Compounds-Biosynthesis,META
L-Arginine,CHEBI:16467,ARG,PWY-5742,META
L-Arginine,CHEBI:16467,ARG,ARGININE-DEG,META
L-Arginine,CHEBI:16467,ARG,PWY-5940,META
L-Arginine,CHEBI:16467,ARG,Antibiotic-Biosynthesis,META
Licoagroside B,CHEBI:142266,,,META
Linolenelaidic acid,CHEBI:92583,,,META
L-Tryptophan,CHEBI:16828,TRP,TRPSYN-PWY,META
L-Tryptophan,CHEBI:16828,TRP,TRYPTOPHAN-BIOSYNTHESIS,META
L-Tryptophan,CHEBI:16828,TRP,PWY-6629,META
L-Tryptophan,CHEBI:16828,TRP,Super-Pathways,META
L-Tryptophan,CHEBI:16828,TRP,TRYPTOPHAN-BIOSYNTHESIS,META
L-Tryptophan,CHEBI:16828,TRP,TRPSYN-PWY,META
L-Tryptophan,CHEBI:16828,TRP,ARO-PWY,META
L-Tryptophan,CHEBI:16828,TRP,COMPLETE-ARO-PWY,META
L-Tryptophan,CHEBI:16828,TRP,IND-AMINO-ACID-SYN,META
L-Tryptophan,CHEBI:16828,TRP,Super-Pathways,META
L-Tryptophan,CHEBI:16828,TRP,PWY-6628,META
L-Tryptophan,CHEBI:16828,TRP,PWY-6629,META
L-Tryptophan,CHEBI:16828,TRP,PWY-6630,META
L-Tryptophan,CHEBI:16828,TRP,ALL-CHORISMATE-PWY,META
L-Tryptophan,CHEBI:16828,TRP,Super-Pathways,META
L-Tryptophan,CHEBI:16828,TRP,PWY-6612,META
L-Tryptophan,CHEBI:16828,TRP,MENAQUINONESYN-PWY,META
L-Tryptophan,CHEBI:16828,TRP,PWY-5852,META
L-Tryptophan,CHEBI:16828,TRP,PWY-5837,META
L-Tryptophan,CHEBI:16828,TRP,ENTBACSYN-PWY,META
L-Tryptophan,CHEBI:16828,TRP,COMPLETE-ARO-PWY,META
L-Tryptophan,CHEBI:16828,TRP,UBISYN-PWY,META
L-Tryptophan,CHEBI:16828,TRP,PWY-8585,META
L-Tryptophan,CHEBI:16828,TRP,AROMATIC-COMPOUNDS-BIOSYN,META
L-Tryptophan,CHEBI:16828,TRP,TRPIAACAT-PWY,META
L-Tryptophan,CHEBI:16828,TRP,Auxin-Biosynthesis,META
L-Tryptophan,CHEBI:16828,TRP,TRPKYNCAT-PWY,META
L-Tryptophan,CHEBI:16828,TRP,TRYPTOPHAN-DEG,META
L-Tryptophan,CHEBI:16828,TRP,PWY-8017,META
L-Tryptophan,CHEBI:16828,TRP,Stickland-Reductive,META
L-Tryptophan,CHEBI:16828,TRP,Super-Pathways,META
L-Tryptophan,CHEBI:16828,TRP,TRYPTOPHAN-DEG,META
L-Tryptophan,CHEBI:16828,TRP,TRPKYNCAT-PWY,META
L-Tryptophan,CHEBI:16828,TRP,PWY-8586,META
L-Tryptophan,CHEBI:16828,TRP,Toxin-Biosynthesis,META
L-Tryptophan,CHEBI:16828,TRP,PWY2SK3-2,META
L-Tryptophan,CHEBI:16828,TRP,Pigment-Biosynthesis,META
L-Tryptophan,CHEBI:16828,TRP,PWY-8531,META
L-Tryptophan,CHEBI:16828,TRP,Herbicide-Biosynthesis,META
L-Tryptophan,CHEBI:16828,TRP,PWY-7555,META
L-Tryptophan,CHEBI:16828,TRP,ALKALOIDS-SYN,META
L-Tryptophan,CHEBI:16828,TRP,PWY-6030,META
L-Tryptophan,CHEBI:16828,TRP,Neurotransmitter-Biosynthesis,META
L-Tryptophan,CHEBI:16828,TRP,PWY-7532,META
L-Tryptophan,CHEBI:16828,TRP,INDOLE-ALKALOIDS,META
L-Tryptophan,CHEBI:16828,TRP,PWY-5290,META
L-Tryptophan,CHEBI:16828,TRP,INDOLE-ALKALOIDS,META
L-Tryptophan,CHEBI:16828,TRP,TERPENOID-ALKALOIDS,META
L-Tryptophan,CHEBI:16828,TRP,PWY-8475,META
L-Tryptophan,CHEBI:16828,TRP,Neurotransmitter-Biosynthesis,META
L-Tryptophan,CHEBI:16828,TRP,PWY-7936,META
L-Tryptophan,CHEBI:16828,TRP,SECONDARY-METABOLITE-BIOSYNTHESIS,META
L-Tryptophan,CHEBI:16828,TRP,PWY-6307,META
L-Tryptophan,CHEBI:16828,TRP,TRYPTOPHAN-DEG,META
L-Tryptophan,CHEBI:16828,TRP,PWY-5877,META
L-Tryptophan,CHEBI:16828,TRP,INDOLE-ALKALOIDS,META
L-Tryptophan,CHEBI:16828,TRP,PWY-5473,META
L-Tryptophan,CHEBI:16828,TRP,N-CONTAINING-SECONDARY-CMPD-SYN,META
L-Tryptophan,CHEBI:16828,TRP,PWY-3181,META
L-Tryptophan,CHEBI:16828,TRP,ALKALOIDS-SYN,META
L-Tryptophan,CHEBI:16828,TRP,N-CONTAINING-SECONDARY-CMPD-SYN,META
L-Tryptophan,CHEBI:16828,TRP,TRYPTOPHAN-DEG,META
L-Tryptophan,CHEBI:16828,TRP,PWY-3162,META
L-Tryptophan,CHEBI:16828,TRP,TRYPTOPHAN-DEG,META
L-Tryptophan,CHEBI:16828,TRP,PWY-7770,META
L-Tryptophan,CHEBI:16828,TRP,Antibiotic-Biosynthesis,META
L-Tryptophan,CHEBI:16828,TRP,PWYDQC-4,META
L-Tryptophan,CHEBI:16828,TRP,Auxin-Biosynthesis,META
L-Tryptophan,CHEBI:16828,TRP,CAMALEXIN-SYN,META
L-Tryptophan,CHEBI:16828,TRP,INDOLE-PHYTOALEXIN-SYN,META
L-Tryptophan,CHEBI:16828,TRP,PWY-8024,META
L-Tryptophan,CHEBI:16828,TRP,N-CONTAINING-SECONDARY-CMPD-SYN,META
L-Tryptophan,CHEBI:16828,TRP,PWY-581,META
L-Tryptophan,CHEBI:16828,TRP,Auxin-Biosynthesis,META
L-Tryptophan,CHEBI:16828,TRP,PWY-601,META
L-Tryptophan,CHEBI:16828,TRP,GLUCOSINOLATE-SYN,META
L-Tryptophan,CHEBI:16828,TRP,TRNA-CHARGING-PWY,META
L-Tryptophan,CHEBI:16828,TRP,Aminoacyl-tRNAs-Charging,META
L-Tryptophan,CHEBI:16828,TRP,Metabolic-Clusters,META
L-Tryptophan,CHEBI:16828,TRP,PWY-7525,META
L-Tryptophan,CHEBI:16828,TRP,ALKALOIDS-SYN,META
L-Tryptophan,CHEBI:16828,TRP,PWY-7537,META
L-Tryptophan,CHEBI:16828,TRP,Super-Pathways,META
L-Tryptophan,CHEBI:16828,TRP,PWY-7526,META
L-Tryptophan,CHEBI:16828,TRP,PWY-7525,META
L-Tryptophan,CHEBI:16828,TRP,PWY-8345,META
L-Tryptophan,CHEBI:16828,TRP,INDOLE-ALKALOIDS,META
L-Tryptophan,CHEBI:16828,TRP,PWY-7733,META
L-Tryptophan,CHEBI:16828,TRP,Antibiotic-Biosynthesis,META
L-Tryptophan,CHEBI:16828,TRP,PWY-7734,META
L-Tryptophan,CHEBI:16828,TRP,Antibiotic-Biosynthesis,META
L-Tryptophan,CHEBI:16828,TRP,PWY-8483,META
L-Tryptophan,CHEBI:16828,TRP,Toxin-Biosynthesis,META
L-Tryptophan,CHEBI:16828,TRP,PWY-7957,META
L-Tryptophan,CHEBI:16828,TRP,Toxin-Biosynthesis,META
L-Tryptophan,CHEBI:16828,TRP,PWY-7959,META
L-Tryptophan,CHEBI:16828,TRP,Toxin-Biosynthesis,META
L-Tryptophan,CHEBI:16828,TRP,PWY-7958,META
L-Tryptophan,CHEBI:16828,TRP,Toxin-Biosynthesis,META
L-Tryptophan,CHEBI:16828,TRP,PWY-7956,META
L-Tryptophan,CHEBI:16828,TRP,Antibiotic-Biosynthesis,META
L-Tryptophan,CHEBI:16828,TRP,PWY-8587,META
L-Tryptophan,CHEBI:16828,TRP,SECONDARY-METABOLITE-BIOSYNTHESIS,META
L-Tryptophan,CHEBI:16828,TRP,PWY-6345,META
L-Tryptophan,CHEBI:16828,TRP,Antibiotic-Biosynthesis,META
L-Tryptophan,CHEBI:16828,TRP,PWY-7040,META
L-Tryptophan,CHEBI:16828,TRP,SECONDARY-METABOLITE-BIOSYNTHESIS,META
L-Tryptophan,CHEBI:16828,TRP,PWY-6346,META
L-Tryptophan,CHEBI:16828,TRP,Antibiotic-Biosynthesis,META
L-Tryptophan,CHEBI:16828,TRP,PWY-5467,META
L-Tryptophan,CHEBI:16828,TRP,INDOLE-ALKALOIDS,META
L-Tryptophan,CHEBI:16828,TRP,TRYPDEG-PWY,META
L-Tryptophan,CHEBI:16828,TRP,TRYPTOPHAN-DEG,META
L-Tryptophan,CHEBI:16828,TRP,PWY-7708,META
L-Tryptophan,CHEBI:16828,TRP,Toxin-Biosynthesis,META
L-Tryptophan,CHEBI:16828,TRP,PWY-7667,META
L-Tryptophan,CHEBI:16828,TRP,Antibiotic-Biosynthesis,META
L-Tryptophan,CHEBI:16828,TRP,CYCLOPEPTIDES,META
L-Tryptophan,CHEBI:16828,TRP,PWY-7668,META
L-Tryptophan,CHEBI:16828,TRP,Antibiotic-Biosynthesis,META
L-Tryptophan,CHEBI:16828,TRP,CYCLOPEPTIDES,META
L-Tryptophan,CHEBI:16828,TRP,PWY-7612,META
L-Tryptophan,CHEBI:16828,TRP,ALKALOIDS-SYN,META
L-Tryptophan,CHEBI:16828,TRP,PWY-7605,META
L-Tryptophan,CHEBI:16828,TRP,ALKALOIDS-SYN,META
L-Tryptophan,CHEBI:16828,TRP,PWY-7609,META
L-Tryptophan,CHEBI:16828,TRP,ALKALOIDS-SYN,META
L-Tryptophan,CHEBI:16828,TRP,Super-Pathways,META
L-Tryptophan,CHEBI:16828,TRP,PWY-7608,META
L-Tryptophan,CHEBI:16828,TRP,PWY-7605,META
L-Tryptophan,CHEBI:16828,TRP,PWY-7607,META
L-Tryptophan,CHEBI:16828,TRP,PWY-7549,META
L-Tryptophan,CHEBI:16828,TRP,ALKALOIDS-SYN,META
L-Tryptophan,CHEBI:16828,TRP,PWY-7543,META
L-Tryptophan,CHEBI:16828,TRP,ALKALOIDS-SYN,META
L-Tryptophan,CHEBI:16828,TRP,PWY-7542,META
L-Tryptophan,CHEBI:16828,TRP,ALKALOIDS-SYN,META
L-Tryptophan,CHEBI:16828,TRP,PWY-7765,META
L-Tryptophan,CHEBI:16828,TRP,3-OH-4-Methyl-Anthranilate-Biosynthesis,META
L-Tryptophan,CHEBI:16828,TRP,PWY-5651,META
L-Tryptophan,CHEBI:16828,TRP,TRYPTOPHAN-DEG,META
L-Tryptophan,CHEBI:16828,TRP,NADSYN-PWY,META
L-Tryptophan,CHEBI:16828,TRP,NAD-SYN,META
L-Tryptophan,CHEBI:16828,TRP,Super-Pathways,META
L-Tryptophan,CHEBI:16828,TRP,PWY-5653,META
L-Tryptophan,CHEBI:16828,TRP,PWY-5651,META
L-Tryptophan,CHEBI:16828,TRP,PWY-5655,META
L-Tryptophan,CHEBI:16828,TRP,Super-Pathways,META
L-Tryptophan,CHEBI:16828,TRP,TRYPTOPHAN-DEG,META
L-Tryptophan,CHEBI:16828,TRP,PWY-5162,META
L-Tryptophan,CHEBI:16828,TRP,PWY-5651,META
L-Tryptophan,CHEBI:16828,TRP,PWY-5654,META
L-Tryptophan,CHEBI:16828,TRP,TRYPTOPHAN-DEGRADATION-1,META
L-Tryptophan,CHEBI:16828,TRP,Super-Pathways,META
L-Tryptophan,CHEBI:16828,TRP,TRYPTOPHAN-DEG,META
L-Tryptophan,CHEBI:16828,TRP,PWY-5177,META
L-Tryptophan,CHEBI:16828,TRP,PWY-5651,META
L-Tryptophan,CHEBI:16828,TRP,PWY-5652,META
L-Tryptophan,CHEBI:16828,TRP,PWY-3502,META
L-Tryptophan,CHEBI:16828,TRP,NAD-SYN,META
L-Tryptophan,CHEBI:16828,TRP,Super-Pathways,META
L-Tryptophan,CHEBI:16828,TRP,PWY3O-4106,META
L-Tryptophan,CHEBI:16828,TRP,NADSYN-PWY,META
L-Tryptophan,CHEBI:16828,TRP,PWY3O-4107,META
L-Tryptophan,CHEBI:16828,TRP,PWY-6309,META
L-Tryptophan,CHEBI:16828,TRP,Super-Pathways,META
L-Tryptophan,CHEBI:16828,TRP,TRYPTOPHAN-DEG,META
L-Tryptophan,CHEBI:16828,TRP,PWY-6504,META
L-Tryptophan,CHEBI:16828,TRP,PWY-5651,META
L-Tryptophan,CHEBI:16828,TRP,PWY-5652,META
L-Tryptophan,CHEBI:16828,TRP,PWY-7717,META
L-Tryptophan,CHEBI:16828,TRP,3-OH-4-Methyl-Anthranilate-Biosynthesis,META
L-Tryptophan,CHEBI:16828,TRP,TRPCAT-PWY,META
L-Tryptophan,CHEBI:16828,TRP,TRYPTOPHAN-DEG,META
L-Tryptophan,CHEBI:16828,TRP,PWY-6505,META
L-Tryptophan,CHEBI:16828,TRP,Super-Pathways,META
L-Tryptophan,CHEBI:16828,TRP,TRYPTOPHAN-DEG,META
L-Tryptophan,CHEBI:16828,TRP,PWY-5654,META
L-Tryptophan,CHEBI:16828,TRP,PWY-6504,META
L-Tryptophan,CHEBI:16828,TRP,TRPCAT-PWY,META
L-Tryptophan,CHEBI:16828,TRP,PWY-5162,META
L-Tryptophan,CHEBI:16828,TRP,PWY-6954,META
L-Tryptophan,CHEBI:16828,TRP,AROMATIC-COMPOUNDS-DEGRADATION,META
L-Tryptophan,CHEBI:16828,TRP,Super-Pathways,META
L-Tryptophan,CHEBI:16828,TRP,PWY-1501,META
L-Tryptophan,CHEBI:16828,TRP,PWY-2503,META
L-Tryptophan,CHEBI:16828,TRP,PWY-5427,META
L-Tryptophan,CHEBI:16828,TRP,PWY-6183,META
L-Tryptophan,CHEBI:16828,TRP,TOLUENE-DEG-DIOL-PWY,META
L-Tryptophan,CHEBI:16828,TRP,PWY-6336,META
L-Tryptophan,CHEBI:16828,TRP,P183-PWY,META
L-Tryptophan,CHEBI:16828,TRP,PWY-5162,META
L-Tryptophan,CHEBI:16828,TRP,PWY-6079,META
L-Tryptophan,CHEBI:16828,TRP,TRPCAT-PWY,META
L-Tryptophan,CHEBI:16828,TRP,4-HYDROXYMANDELATE-DEGRADATION-PWY,META
L-Tryptophan,CHEBI:16828,TRP,QUINATEDEG-PWY,META
L-Tryptophan,CHEBI:16828,TRP,SHIKIMATEDEG-PWY,META
L-Tryptophan,CHEBI:16828,TRP,PWY-2504,META
L-Tryptophan,CHEBI:16828,TRP,AROMATIC-COMPOUNDS-DEGRADATION,META
L-Tryptophan,CHEBI:16828,TRP,Super-Pathways,META
L-Tryptophan,CHEBI:16828,TRP,PWY-5162,META
L-Tryptophan,CHEBI:16828,TRP,P183-PWY,META
L-Tryptophan,CHEBI:16828,TRP,PWY-6079,META
L-Tryptophan,CHEBI:16828,TRP,TRPCAT-PWY,META
L-Tryptophan,CHEBI:16828,TRP,4-HYDROXYMANDELATE-DEGRADATION-PWY,META
L-Tryptophan,CHEBI:16828,TRP,QUINATEDEG-PWY,META
L-Tryptophan,CHEBI:16828,TRP,SHIKIMATEDEG-PWY,META
L-Tryptophan,CHEBI:16828,TRP,PROTOCATECHUATE-ORTHO-CLEAVAGE-PWY,META
L-Tryptophan,CHEBI:16828,TRP,PWY-2361,META
L-Tryptophan,CHEBI:16828,TRP,PWY-2503,META
L-Tryptophan,CHEBI:16828,TRP,PWY-1501,META
L-Tryptophan,CHEBI:16828,TRP,CATECHOL-ORTHO-CLEAVAGE-PWY,META
L-Tryptophan,CHEBI:16828,TRP,PWY-6324,META
L-Tryptophan,CHEBI:16828,TRP,Antibiotic-Biosynthesis,META
L-Tryptophan,CHEBI:16828,TRP,PWY-6831,META
L-Tryptophan,CHEBI:16828,TRP,Toxin-Biosynthesis,META
L-Tryptophan,CHEBI:16828,TRP,PWY-7520,META
L-Tryptophan,CHEBI:16828,TRP,INDOLE-ALKALOIDS,META
L-Tryptophan,CHEBI:16828,TRP,QUINONE-SYN,META
L-Tryptophan,CHEBI:16828,TRP,PWY-5081,META
L-Tryptophan,CHEBI:16828,TRP,TRYPTOPHAN-DEG,META
L-Tryptophan,CHEBI:16828,TRP,PWY-3161,META
L-Tryptophan,CHEBI:16828,TRP,Auxin-Biosynthesis,META
L-Tryptophan,CHEBI:16828,TRP,PWY-6493,META
L-Tryptophan,CHEBI:16828,TRP,INDOLE-ALKALOIDS,META
L-Tryptophan,CHEBI:16828,TRP,Toxin-Biosynthesis,META
L-Tryptophan,CHEBI:16828,TRP,PWY-6503,META
L-Tryptophan,CHEBI:16828,TRP,ALKALOIDS-SYN,META
L-Tryptophan,CHEBI:16828,TRP,Super-Pathways,META
L-Tryptophan,CHEBI:16828,TRP,PWY-6495,META
L-Tryptophan,CHEBI:16828,TRP,PWY-6493,META
Methyl N-methylanthranilate,CHEBI:142267,,,META
"Monolinolenin (9c,12c,15c)",CHEBI:75610,,,META
Neomycin,CHEBI:7508,,,META
N-Malonyltryptophan,CHEBI:142268,,,META
Oleamide,CHEBI:116314,CPD6666-1,,META
Panaquinquecol 1,CHEBI:142269,,,META
"PE(20:2(11Z,14Z)/18:1(9Z))",CHEBI:142270,,,META
"PG(18:2(9Z,12Z)/18:0)",CHEBI:89353,,,META
Phaseollin,CHEBI:108,CPD-4884,PWY-3042,META
Phaseollin,CHEBI:108,CPD-4884,ISOFLAVONOID-PHYTOALEXINS,META
Phaseollin,CHEBI:108,CPD-4884,ISOFLAVONOID-SYN,META
Phaseollin,CHEBI:108,CPD-4884,PWY-2055,META
Phaseollin,CHEBI:108,CPD-4884,ISOFLAVONOID-SYN,META
Phaseollin,CHEBI:108,CPD-4884,Super-Pathways,META
Phaseollin,CHEBI:108,CPD-4884,PWY-3042,META
Phaseollin,CHEBI:108,CPD-4884,PWY-2761,META
Phaseollin,CHEBI:108,CPD-4884,PWY-2762,META
Phaseollin,CHEBI:108,CPD-4884,PWY-7615,META
Phaseollin,CHEBI:108,CPD-4884,Metabolic-Clusters,META
Phaseollin,CHEBI:108,CPD-4884,PHYTOALEXIN-DEG,META
Phenylglucuronide,CHEBI:64681,,,META
PIP(18:0/16:0),CHEBI:142271,,,META
"PIP(18:1(11Z)/20:4(5Z,8Z,11Z,14Z))",CHEBI:142272,,,META
Pollinastanol,CHEBI:8286,,,META
Polyoxyethylene (600) monoricinoleate,CHEBI:142273,,,META
Rhodinyl phenylacetate,CHEBI:142274,,,META
Rhodinyl phenylacetate,CHEBI:142274,,,META
Robinin,CHEBI:8878,,,META
Sedanonic acid,CHEBI:142275,,,META
Soyacerebroside I,CHEBI:142276,,,META
Soyasaponin III,CHEBI:62867,CPD-13254,PWY-5203,META
Soyasaponin III,CHEBI:62867,CPD-13254,TRITERPENOID-SYN,META
Thr-Cys(Trioxidation),CHEBI:142239,,,META
Trigonelline,CHEBI:18123,METHYLNICOTINATE,PWY-5110,META
Trigonelline,CHEBI:18123,METHYLNICOTINATE,PYRROLIDINE-ALKALOIDS,META
Val-Glu,CHEBI:75011,CPD-20364,,META
Yucalexin P8,CHEBI:142277,,,META
