metabolite_kegg,uniprot_id,score
C00007,C6TIM5,0.8720986843109131
C00015,I1JK97,0.8016729354858398
C00016,C6TIM5,0.8106710910797119
C00017,I1JK97,0.7536048889160156
C00018,K7MJI4,0.485607773065567
C00019,C6TIM5,0.8165764808654785
C00021,C6TIM5,0.7472134232521057
C00022,I1MFV2,0.6041319966316223
C00024,C6TIM5,0.7623665928840637
C00025,C6TIM5,0.8560987114906311
C00026,C6TIM5,0.9090768098831177
C00028,A0A0R4J4B4,0.9500028491020203
C00029,I1K772,0.5605090260505676
C00030,C6TIM5,0.9356961846351624
C00031,I1JK97,0.7697950005531311
C00033,C6TIM5,0.8975567817687988
C00035,I1JK97,0.833175539970398
C00036,C6TIM5,0.925554633140564
C00037,A0A0R4J4B4,0.9404505491256714
C00039,C6TIM5,0.8447273373603821
C00040,C6TIM5,0.6882758140563965
C00041,C6TIM5,0.7755778431892395
C00042,C6TIM5,0.8307819366455078
C00043,I1JK97,0.8072632551193237
C00046,C6TIM5,0.7670499086380005
C00047,C6TIM5,0.8949716687202454
C00048,C6TIM5,0.9225062131881714
C00049,A0A0R4J4B4,0.9326635003089905
C00051,C6TIM5,0.9572895765304565
C00052,I1JK97,0.8281519412994385
C00053,I1JK97,0.7629079818725586
C00054,C6TIM5,0.7731099724769592
C00055,I1JK97,0.6670202016830444
C00058,A0A0R4J4B4,0.8793531656265259
C00059,C6TIM5,0.7987828254699707
C00060,C6TIM5,0.8721926212310791
C00061,I1JK97,0.8393071293830872
C00062,A0A0R4J4B4,0.9827766418457031
C00063,I1JK97,0.8447133898735046
C00064,C6TIM5,0.9257185459136963
C00065,C6TIM5,0.7761200070381165
C00067,C6TIM5,0.8833667635917664
C00068,C6TIM5,0.6603027582168579
C00069,C6TIM5,0.8350555896759033
C00071,C6TIM5,0.8018781542778015
C00072,C6TIM5,0.8796377182006836
C00073,A0A0R4J4B4,0.9003452658653259
C00074,I1JK97,0.8384484648704529
C00075,I1JK97,0.8016014695167542
C00077,C6TIM5,0.720227837562561
C00078,A0A0R4J4B4,0.9395532608032227
C00079,A0A0R4J4B4,0.938004195690155
C00081,I1JK97,0.5560258030891418
C00082,C6TIM5,0.967885434627533
C00083,C6TIM5,0.7330437302589417
C00084,C6TIM5,0.8765965104103088
C00085,I1JK97,0.6700200438499451
C00088,A0A0R4J4B4,0.9962288737297058
C00089,A0A0R0HBG9,0.5086588263511658
C00091,C6TIM5,0.7094045281410217
C00092,I1JK97,0.8038631677627563
C00093,I1K772,0.5696576237678528
C00094,C6TIM5,0.9324400424957275
C00095,I1JK97,0.61701500415802
C00096,I1MP44,0.5425031781196594
C00097,A0A0R4J4B4,0.9417266249656677
C00099,C6TIM5,0.9683095812797546
C00100,C6TIM5,0.6822081208229065
C00101,A0A0R4J4B4,0.915179431438446
C00103,I1MP44,0.52528315782547
C00104,I1MFV2,0.5882289409637451
C00105,I1JK97,0.6860825419425964
C00106,C6TIM5,0.9392361044883728
C00109,C6TIM5,0.9130691289901733
C00110,I1JK97,0.7836217284202576
C00111,C6TIM5,0.9058784246444702
C00112,I1JK97,0.83624267578125
C00114,I1JK97,0.6354316473007202
C00116,I1K772,0.5278655886650085
C00117,I1JK97,0.7708812355995178
C00118,C6TIM5,0.951221764087677
C00119,C6TIM5,0.9032084345817566
C00120,C6TIM5,0.9251589775085449
C00122,A0A0R4J4B4,0.9739407300949097
C00125,C6TIM5,0.8682234883308411
C00127,A0A0R4J4B4,0.9223119616508484
C00129,C6TIM5,0.7755546569824219
C00130,C6TIM5,0.8914552330970764
C00131,I1JK97,0.7097011208534241
C00132,C6TIM5,0.671780526638031
C00134,C6TIM5,0.9231905937194824
C00136,C6TIM5,0.5962679982185364
C00137,I1JK97,0.8757462501525879
C00138,A0A0R4J4B4,0.9897941946983337
C00139,A0A0R4J4B4,0.9814198017120361
C00140,I1JK97,0.7261080145835876
C00141,A0A0R4J4B4,0.9552081227302551
C00143,A0A0R4J4B4,0.8209818601608276
C00144,A0A0R0H2F3,0.842779815196991
C00147,A0A0R4J4B4,0.7854457497596741
C00148,C6TIM5,0.8140601515769958
C00149,A0A0R4J4B4,0.8851982951164246
C00151,A0A0R4J4B4,0.9768218398094177
C00152,A0A0R4J4B4,0.8576465249061584
C00153,C6TIM5,0.7814244031906128
C00154,C6TIM5,0.6366048455238342
C00155,C6TIM5,0.8836390972137451
C00157,A0A0R4J5K2,0.6131353974342346
C00159,I1JK97,0.8713527321815491
C00160,C6TIM5,0.7637768983840942
C00161,I1LW34,0.8814351558685303
C00162,C6TIM5,0.880337655544281
C00166,A0A0R4J4B4,0.9578317403793335
C00167,C6TIM5,0.78657466173172
C00168,A0A0R4J4B4,0.9158756136894226
C00170,A0A0R4J4B4,0.8957764506340027
C00173,Q2PMN4,0.5904055237770081
C00177,A0A0R4J4B4,0.875167191028595
C00188,C6TIM5,0.8634220361709595
C00189,I1JK97,0.6559013724327087
C00190,C6TIM5,0.855306088924408
C00195,I1JK97,0.6595459580421448
C00197,I1MFV2,0.5746301412582397
C00199,I1K772,0.5283892750740051
C00201,I1JK97,0.7048118114471436
C00206,I1MFV2,0.5907275676727295
C00208,K7MJI4,0.4941810071468353
C00212,I1JK97,0.6586049795150757
C00221,C6TIM5,0.7489218711853027
C00223,C6TIM5,0.6682517528533936
C00224,I1JK97,0.7508397102355957
C00229,C6TIM5,0.6222134232521057
C00234,A0A0R4J4B4,0.9638004899024963
C00235,A0A0R4J4B4,0.8795369863510132
C00236,C6TIM5,0.8295716643333435
C00237,C6TIM5,0.7808775901794434
C00239,I1K772,0.5802959203720093
C00241,C6TIM5,0.6281003355979919
C00249,A0A0R4J4B4,0.8044986724853516
C00250,I1JK97,0.7104341387748718
C00251,A0A0R4J4B4,0.925416886806488
C00254,A0A0R4J4B4,0.9469870328903198
C00255,I1JK97,0.700419545173645
C00258,I1JK97,0.8183297514915466
C00264,C6TIM5,0.7691379189491272
C00267,C6TIM5,0.7419049143791199
C00269,C6TIM5,0.7797222137451172
C00279,C6TIM5,0.9204776287078857
C00283,A0A0R4J4B4,0.8964923620223999
C00288,C6TIM5,0.8388060331344604
C00299,I1JK97,0.7985870838165283
C00301,A0A0R4J4B4,0.6324736475944519
C00311,C6TIM5,0.7785020470619202
C00314,I1JK97,0.6366631388664246
C00315,C6TIM5,0.8205114603042603
C00319,I1JK97,0.681498646736145
C00323,C6TIM5,0.7045965790748596
C00327,C6TIM5,0.9486591815948486
C00332,C6TIM5,0.849611759185791
C00342,A0A0R4J4B4,0.9167177081108093
C00343,A0A0R4J4B4,0.8956278562545776
C00345,I1NC73,0.6640552878379822
C00346,I1JK97,0.709908664226532
C00350,C6TIM5,0.6301653385162354
C00353,C6TIM5,0.922247052192688
C00354,I1JK97,0.6898550987243652
C00356,A0A0R4J4B4,0.9160840511322021
C00364,I1JK97,0.7784596681594849
C00365,I1JK97,0.7375047206878662
C00369,I1JK97,0.6772221922874451
C00378,C6TIM5,0.7739265561103821
C00389,A0A0R4J4B4,0.9670540690422058
C00390,C6TIM5,0.8752777576446533
C00399,C6TIM5,0.832808256149292
C00406,C6TIM5,0.7184401154518127
C00415,A0A0R4J4B4,0.8088098168373108
C00416,I1JK97,0.7816203832626343
C00437,C6TIM5,0.7416333556175232
C00447,I1JK97,0.7390362620353699
C00448,A0A0R4J4B4,0.9003761410713196
C00454,I1JK97,0.7893760204315186
C00455,C6TIM5,0.7676445841789246
C00470,I1JK97,0.7866019606590271
C00475,A0A0R0KHS2,0.5429677963256836
C00492,I1JK97,0.6263560652732849
C00498,I1MDK4,0.5231691002845764
C00509,C6TIM5,0.901263952255249
C00526,I1KTE1,0.5292685627937317
C00540,C6TIM5,0.7720128297805786
C00544,C6TIM5,0.9229447841644287
C00546,C6TIM5,0.9039255380630493
C00562,I1JK97,0.8350669145584106
C00585,I1JK97,0.6076419949531555
C00588,I1JK97,0.6537588834762573
C00590,I1K772,0.5564852952957153
C00605,C6TIM5,0.7291454076766968
C00613,C6TIM5,0.9157770276069641
C00631,C6TIM5,0.9015833139419556
C00636,C6TIM5,0.8017936944961548
C00641,I1JK97,0.8660809397697449
C00655,A0A0R4J4B4,0.8720209002494812
C00658,C6TIM5,0.9374678134918213
C00668,I1JK97,0.673621416091919
C00712,A0A0R4J4B4,0.9503262639045715
C00718,I1JK97,0.6008522510528564
C00814,I1JK97,0.6962757110595703
C00826,A0A0R4J4B4,0.9623647332191467
C00836,I1K772,0.6042530536651611
C00857,C6TIM5,0.8312203884124756
C00858,I1JK97,0.7275401949882507
C00954,I1MFV2,0.5733610391616821
C00974,A0A0R4J4B4,0.8233798742294312
C00996,A0A0R4J4B4,0.9375383853912354
C00999,A0A0R4J4B4,0.9436290264129639
C01004,C6TIM5,0.7818021178245544
C01054,A0A0R4J4B4,0.9336171746253967
C01081,A0A0R4J4B4,0.8608552813529968
C01134,I1JK97,0.8497089743614197
C01167,I1JK97,0.6714737415313721
C01172,C6TIM5,0.8217504024505615
C01177,C6TIM5,0.7579114437103271
C01179,A0A0R4J4B4,0.9348506927490234
C01185,C6TIM5,0.7827746868133545
C01194,I1JK97,0.8990694880485535
C01204,I1MFV2,0.5718482136726379
C01209,C6TIM5,0.6887558102607727
C01235,A0A0R0HFU2,0.5209149718284607
C01245,I1JID0,0.5127944350242615
C01271,C6TIM5,0.7718730568885803
C01272,I1JK97,0.6237520575523376
C01277,I1JK97,0.5885282158851624
C01284,I1JK97,0.7301120758056641
C01290,I1JK97,0.7634009718894958
C01335,C6TIM5,0.7288886308670044
C01352,A0A0R4J4B4,0.6268189549446106
C01419,A0A0R4J4B4,0.9080674052238464
C01528,A0A0R4J4B4,0.8830322027206421
C01595,C6TIM5,0.6415221095085144
C01617,A0A0R4J4B4,0.8045162558555603
C01832,C6TIM5,0.6689778566360474
C01944,C6TIM5,0.6629723906517029
C01977,C6TIM5,0.8202244639396667
C02128,I1JK97,0.7640475630760193
C02139,C6TIM5,0.8515537977218628
C02188,C6TIM5,0.7178058624267578
C02325,I1JK97,0.8398647904396057
C02495,A0A0R4J4B4,0.943702757358551
C02512,C6TIM5,0.9300538897514343
C02593,C6TIM5,0.6902907490730286
C02666,C6TIM5,0.7795702815055847
C02743,C6TIM5,0.6385583281517029
C02843,Q2PMN4,0.5903058648109436
C02906,C6TIM5,0.8806428909301758
C03024,C6TIM5,0.9458127617835999
C03069,A0A0R4J4B4,0.9652462005615234
C03161,C6TIM5,0.9329867362976074
C03221,C6TIM5,0.9416412115097046
C03692,I1JK97,0.825313925743103
C04079,I1JK97,0.7942790389060974
C04121,C6TIM5,0.7750428318977356
C04145,C6TIM5,0.9097723960876465
C04549,I1JK97,0.5968694090843201
C04677,A0A0R4J4B4,0.9271388649940491
C04688,C6TIM5,0.7041558623313904
C04756,A0A0R4J4B4,0.8762471079826355
C04874,C6TIM5,0.7023419141769409
C05167,A0A0R4J4B4,0.9027227759361267
C05198,A0A0R4J4B4,0.8690716624259949
C05223,C6TIM5,0.6513468027114868
C05306,C6TIM5,0.9033381938934326
C05335,C6TIM5,0.9085177779197693
C05345,I1JK97,0.7270527482032776
C05378,I1JK97,0.7492555379867554
C05382,I1JK97,0.7862852215766907
C05422,C6TIM5,0.850845217704773
C05427,C6TIM5,0.8988818526268005
C05432,A0A0R4J4B4,0.9390712380409241
C05544,C6TIM5,0.8102617263793945
C05545,C6TIM5,0.7974795699119568
C05546,C6TIM5,0.856486976146698
C05610,C6TIM5,0.84490966796875
C05631,C6TIM5,0.8350369930267334
C05665,C6TIM5,0.8428733944892883
C05752,C6TIM5,0.7316348552703857
C05755,C6TIM5,0.7760003209114075
C05761,A0A0R4J338,0.6018020510673523
C05764,C6TIM5,0.6340644359588623
C05921,C6TIM5,0.9103381037712097
C06037,I1JK97,0.7039267420768738
C06249,C6TIM5,0.9340230822563171
C06250,C6TIM5,0.9180669188499451
C06427,C6TIM5,0.6176835894584656
C06563,I1JK97,0.6329662203788757
C09762,A0A0R4J4B4,0.9158859848976135
C10208,I1JK97,0.7154433131217957
C10216,I1JK97,0.7731775045394897
C12126,A0A0R4J338,0.6234445571899414
C12145,C6TIM5,0.78415447473526
C14818,A0A0R4J4B4,0.9291203618049622
C15602,C6TIM5,0.9289276003837585
C15603,C6TIM5,0.9008605480194092
C15796,A0A0R4J4B4,0.9145084023475647
C15972,C6TIM5,0.6880936622619629
C15973,C6TIM5,0.7451682090759277
C16541,C6TIM5,0.8851808905601501
C19865,A0A0R0HBG9,0.515877902507782
