database_identifier	chemical_formula	smiles	inchi	metabolite_identification	mass_to_charge	fragmentation	modifications	charge	retention_time	taxid	species	database	database_version	reliability	uri	search_engine	search_engine_score	smallmolecule_abundance_sub	smallmolecule_abundance_stdev_sub	smallmolecule_abundance_std_error_sub	Control_1	Control_2	Control_3	Control_4	ABA_1	ABA_2	ABA_3	ABA_4	ethylene_1	ethylene_2	ethylene_3	ethylene_4	ABA_ethylene_1	ABA_ethylene_2	ABA_ethylene_3	ABA_ethylene_4
CHEBI:138781	C18H26O3	CCC=C/C=C/C=CC=CCCCCC(CCC(=O)O)=O	InChI=1S/C18H26O3/c1-2-3-4-5-6-7-8-9-10-11-12-13-14-17(19)15-16-18(20)21/h3-10H,2,11-16H2,1H3,(H,20,21)/b4-3-,6-5+,8-7-,10-9+	(9Z,11E,13E,15Z)-4-Oxo-9,11,13,15-octadecatetraenoic acid	290.2			pos	8.79	NCBITAXON:http://purl.bioontology.org/ontology/NCBITAXON/3847	Glycine max			MSI:2							4.58	4.57	4.58	4.63	4.46	4.73	4.54	4.52	4.11	4.58	4.64	4.57	4.73	4.05	4.8	4.81
CHEBI:138781	C18H26O3	CCC=C/C=C/C=CC=CCCCCC(CCC(=O)O)=O	InChI=1S/C18H26O3/c1-2-3-4-5-6-7-8-9-10-11-12-13-14-17(19)15-16-18(20)21/h3-10H,2,11-16H2,1H3,(H,20,21)/b4-3-,6-5+,8-7-,10-9+	(9Z,11E,13E,15Z)-4-Oxo-9,11,13,15-octadecatetraenoic acid	290.2			pos	10.28	NCBITAXON:http://purl.bioontology.org/ontology/NCBITAXON/3847	Glycine max			MSI:2							4.68	4.68	4.7	4.7	4.66	4.67	4.66	4.71	4.98	4.94	4.95	4.95	4.79	4.84	4.86	4.82
CHEBI:142241	C16H30O2	OC(=O)CC=CCCCCCCCCCCCC	InChI=1S/C16H30O2/c1-2-3-4-5-6-7-8-9-10-11-12-13-14-15-16(17)18/h13-14H,2-12,15H2,1H3,(H,17,18)/b14-13+	(E)-3-Hexadecenoic acid	254.2			pos	11.07	NCBITAXON:http://purl.bioontology.org/ontology/NCBITAXON/3847	Glycine max			MSI:2							4.33	4.38	4.34	4.39	0	3.15	3.28	3	0	0	0	0	0	2.76	0	0
CHEBI:142242	C21H20O9	C=1C=C(C=CC1/C=C2/C(C=3C=CC(=CC3O2)OC4C(C(C(C(CO)O4)O)O)O)=O)O	InChI=1S/C21H20O9/c22-9-16-18(25)19(26)20(27)21(30-16)28-12-5-6-13-14(8-12)29-15(17(13)24)7-10-1-3-11(23)4-2-10/h1-8,16,18-23,25-27H,9H2/b15-7-	(Z)-4',6-Dihydroxyaurone 6-glucoside	416.1			pos	4.85	NCBITAXON:http://purl.bioontology.org/ontology/NCBITAXON/3847	Glycine max			MSI:2							0	0	0	2.89	4.56	4.63	0	0	0	5.31	0	5.51	0	0	0	0
CHEBI:75347	C26H49O12P	CCCCCCC=C/CCCCCCCCC(=O)OC[C@@H](O)COP(O)(=O)O[C@H]1[C@H](O)[C@@H](O)[C@H](O)[C@@H](O)[C@H]1O	InChI=1S/C26H49O12P/c1-2-3-4-5-6-7-8-9-10-11-12-13-14-15-16-20(28)36-17-19(27)18-37-39(34,35)38-26-24(32)22(30)21(29)23(31)25(26)33/h7-8,19,21-27,29-33H,2-6,9-18H2,1H3,(H,34,35)/b8-7-/t19-,21-,22-,23+,24-,25-,26-/m1/s1	1-(10Z-Heptadecenoyl)-sn-glycero-3-phospho-(1'-myo-inositol)	584.3			pos	15.85	NCBITAXON:http://purl.bioontology.org/ontology/NCBITAXON/3847	Glycine max			MSI:2							0	0	0	0	5.23	5.33	5.42	5.41	5.36	0	0	0	5.83	5.88	5.81	5.83
CHEBI:75347	C26H49O12P	CCCCCCC=C/CCCCCCCCC(=O)OC[C@@H](O)COP(O)(=O)O[C@H]1[C@H](O)[C@@H](O)[C@H](O)[C@@H](O)[C@H]1O	InChI=1S/C26H49O12P/c1-2-3-4-5-6-7-8-9-10-11-12-13-14-15-16-20(28)36-17-19(27)18-37-39(34,35)38-26-24(32)22(30)21(29)23(31)25(26)33/h7-8,19,21-27,29-33H,2-6,9-18H2,1H3,(H,34,35)/b8-7-/t19-,21-,22-,23+,24-,25-,26-/m1/s1	1-(10Z-Heptadecenoyl)-sn-glycero-3-phospho-(1'-myo-inositol)	584.3			pos	15.91	NCBITAXON:http://purl.bioontology.org/ontology/NCBITAXON/3847	Glycine max			MSI:2							5.23	5.36	5.43	5.34	0	0	0	4.13	0	5.25	5.27	5.26	0	0	4.58	0
CHEBI:142243	C51H84O15	O1[C@@H]([C@H](O)C(O)C(O)[C@@H]1OC[C@H](OC(=O)CCCCCCC/C=CC/C=CC/C=CCC)COC(=O)CCCCCCC/C=CC/C=CC/C=CCC)CO[C@@H]2O[C@@H]([C@H](O)C(O)C2O)CO	InChI=1S/C51H84O15/c1-3-5-7-9-11-13-15-17-19-21-23-25-27-29-31-33-42(53)61-36-39(64-43(54)34-32-30-28-26-24-22-20-18-16-14-12-10-8-6-4-2)37-62-50-49(60)47(58)45(56)41(66-50)38-63-51-48(59)46(57)44(55)40(35-52)65-51/h5-8,11-14,17-20,39-41,44-52,55-60H,3-4,9-10,15-16,21-38H2,1-2H3/b7-5-,8-6-,13-11-,14-12-,19-17-,20-18-/t39-,40-,41-,44+,45+,46?,47?,48?,49?,50-,51-/m1/s1	1,2-Di-(9Z,12Z,15Z-octadecatrienoyl)-3-(Galactosyl-alpha-1-6-Galactosyl-beta-1)-glycerol	936.6			pos	14.01	NCBITAXON:http://purl.bioontology.org/ontology/NCBITAXON/3847	Glycine max			MSI:2							4.78	4.82	4.89	4.85	4.88	4.92	4.98	5.03	4.56	4.49	4.42	4.41	4.53	4.57	4.59	4.49
CHEBI:142245	C22H43NO	O=C(N)CCCCCCCCCCC/C=CCCCCCCCC	InChI=1S/C22H43NO/c1-2-3-4-5-6-7-8-9-10-11-12-13-14-15-16-17-18-19-20-21-22(23)24/h9-10H,2-8,11-21H2,1H3,(H2,23,24)/b10-9-	13Z-Docosenamide	337.3			pos	14.67	NCBITAXON:http://purl.bioontology.org/ontology/NCBITAXON/3847	Glycine max			MSI:1							5.66	5.79	5.94	5.81	5.52	5.72	5.81	5.79	5.83	5.72	5.8	5.76	6.01	6.13	6.16	6.16
CHEBI:72815	C18H30O3	CCCCCC(=O)C=CC=CCCCCCCCC(O)=O	InChI=1S/C18H30O3/c1-2-3-11-14-17(19)15-12-9-7-5-4-6-8-10-13-16-18(20)21/h7,9,12,15H,2-6,8,10-11,13-14,16H2,1H3,(H,20,21)/b9-7+,15-12+	13-OxoODE	294.2			pos	11.22	NCBITAXON:http://purl.bioontology.org/ontology/NCBITAXON/3847	Glycine max			MSI:1							3.73	3.91	3.75	3.84	0	3.5	3.37	3.61	3.99	4	4.1	4.12	3.87	4.04	3.88	3.88
CHEBI:142246	C16H30O4	C(CCCCC(=O)O)CCCC(CCCCCCO)=O	InChI=1S/C16H30O4/c17-14-10-6-5-8-12-15(18)11-7-3-1-2-4-9-13-16(19)20/h17H,1-14H2,(H,19,20)	16-Hydroxy-10-oxohexadecanoic acid	286.2			pos	10.28	NCBITAXON:http://purl.bioontology.org/ontology/NCBITAXON/3847	Glycine max			MSI:2							3.29	3.66	3.58	3.55	0	3.22	3.25	3.41	3.84	3.65	3.55	4.02	3.05	3.04	3.28	3.2
CHEBI:142247	C20H16O4	OC1C=2C=3C(C(=O)C1O)=CC=CC3C=CC2C4=CC=C(OC)C=C4	InChI=1S/C20H16O4/c1-24-13-8-5-11(6-9-13)14-10-7-12-3-2-4-15-16(12)17(14)19(22)20(23)18(15)21/h2-10,19-20,22-23H,1H3	2,3-Dihydro-2,3-dihydroxy-4-(4-methoxyphenyl)-1H-phenalen-1-one	320.1			pos	8.78	NCBITAXON:http://purl.bioontology.org/ontology/NCBITAXON/3847	Glycine max			MSI:2							4.43	4.46	4.41	4.56	0	0	0	0	5.45	5.42	5.45	5.45	5.6	6.08	0	6.13
CHEBI:72719	C33H36N4O6	CC1=C(C=C)C(NC1=O)=Cc1[nH]c(Cc2[nH]c(C=C3NC(=O)C(C=C)=C3C)c(C)c2CCC(O)=O)c(CCC(O)=O)c1C	InChI=1S/C33H36N4O6/c1-7-20-19(6)32(42)37-27(20)14-25-18(5)23(10-12-31(40)41)29(35-25)15-28-22(9-11-30(38)39)17(4)24(34-28)13-26-16(3)21(8-2)33(43)36-26/h7-8,13-14,34-35H,1-2,9-12,15H2,3-6H3,(H,36,43)(H,37,42)(H,38,39)(H,40,41)/b26-13+,27-14-	4E,15Z-Bilirubin IXa	584.3			pos	13.96	NCBITAXON:http://purl.bioontology.org/ontology/NCBITAXON/3847	Glycine max			MSI:2							4.19	4.37	4.34	4.34	4.11	4.27	4.26	4.43	0	0	0	0	0	0	0	0
CHEBI:65842	C18H28O4	CCCCCCCCCCCC1=C(O)C(=O)C=C(OC)C1=O	InChI=1S/C18H28O4/c1-3-4-5-6-7-8-9-10-11-12-14-17(20)15(19)13-16(22-2)18(14)21/h13,20H,3-12H2,1-2H3	5-O-Methylembelin	308.2			pos	10.28	NCBITAXON:http://purl.bioontology.org/ontology/NCBITAXON/3847	Glycine max			MSI:2							3.76	4.15	3.89	3.81	0	3.8	3.77	3.93	4.21	4.22	4.07	4.32	3.22	3.42	3.46	3.4
CHEBI:142248	C24H22O14	O=C1C=2C(OC(C=3C=CC(=CC3)O)=C1OC4C(O)C(O)C(C(O4)COC(CC(=O)O)=O)O)=CC(=CC2O)O	InChI=1S/C24H22O14/c25-10-3-1-9(2-4-10)22-23(19(32)17-12(27)5-11(26)6-13(17)36-22)38-24-21(34)20(33)18(31)14(37-24)8-35-16(30)7-15(28)29/h1-6,14,18,20-21,24-27,31,33-34H,7-8H2,(H,28,29)	6''-Malonylastragalin	534.1			pos	5.81	NCBITAXON:http://purl.bioontology.org/ontology/NCBITAXON/3847	Glycine max			MSI:2							0	0	0	0	0	0	0	0	4.44	4.48	4.41	4.44	0	0	0	0
CHEBI:80372	C24H22O13	O[C@@H]1[C@@H](COC(=O)CC(O)=O)O[C@@H](Oc2cc(O)c3c(c2)occ(-c2ccc(O)cc2)c3=O)[C@H](O)[C@H]1O	InChI=1S/C24H22O13/c25-11-3-1-10(2-4-11)13-8-34-15-6-12(5-14(26)19(15)20(13)30)36-24-23(33)22(32)21(31)16(37-24)9-35-18(29)7-17(27)28/h1-6,8,16,21-26,31-33H,7,9H2,(H,27,28)/t16-,21-,22+,23-,24-/m1/s1	6''-Malonylgenistin	518.1			pos	5.21	NCBITAXON:http://purl.bioontology.org/ontology/NCBITAXON/3847	Glycine max			MSI:1							0	0	0	0	0	0	0	0	4.34	4.32	4.34	4.44	0	0	0	0
CHEBI:80372	C24H22O13	O[C@@H]1[C@@H](COC(=O)CC(O)=O)O[C@@H](Oc2cc(O)c3c(c2)occ(-c2ccc(O)cc2)c3=O)[C@H](O)[C@H]1O	InChI=1S/C24H22O13/c25-11-3-1-10(2-4-11)13-8-34-15-6-12(5-14(26)19(15)20(13)30)36-24-23(33)22(32)21(31)16(37-24)9-35-18(29)7-17(27)28/h1-6,8,16,21-26,31-33H,7,9H2,(H,27,28)/t16-,21-,22+,23-,24-/m1/s1	6''-Malonylgenistin	518.1			pos	6.38	NCBITAXON:http://purl.bioontology.org/ontology/NCBITAXON/3847	Glycine max			MSI:1							5.09	5.07	5.09	5.05	5.17	5.26	5.29	5.25	5.87	5.78	5.84	5.79	5.43	5.55	5.57	5.5
CHEBI:133395	C23H22O10	C1(=CC=C2C(=C1)OC=C(C2=O)C3=CC=C(C=C3)O)O[C@@H]4O[C@@H]([C@H]([C@@H]([C@H]4O)O)O)COC(=O)C	InChI=1S/C23H22O10/c1-11(24)30-10-18-20(27)21(28)22(29)23(33-18)32-14-6-7-15-17(8-14)31-9-16(19(15)26)12-2-4-13(25)5-3-12/h2-9,18,20-23,25,27-29H,10H2,1H3/t18-,20-,21+,22-,23-/m1/s1	6''-O-Acetyldaidzin	458.1			pos	6.16	NCBITAXON:http://purl.bioontology.org/ontology/NCBITAXON/3847	Glycine max			MSI:1							0	0	0	0	3.78	3.96	3.91	4.07	5.07	5.03	5.03	5.03	4.63	4.64	4.65	4.6
CHEBI:142249	C23H22O11	C1(OC2=CC(O)=C3C(OC=C(C3=O)C4=CC=C(O)C=C4)=C2)OC(COC(C)=O)C(O)C(O)C1O	InChI=1S/C23H22O11/c1-10(24)31-9-17-20(28)21(29)22(30)23(34-17)33-13-6-15(26)18-16(7-13)32-8-14(19(18)27)11-2-4-12(25)5-3-11/h2-8,17,20-23,25-26,28-30H,9H2,1H3	6''-O-Acetylgenistin	474.1			pos	6.98	NCBITAXON:http://purl.bioontology.org/ontology/NCBITAXON/3847	Glycine max			MSI:1							0	0	0	0	3.44	3.76	3.81	3.9	4.71	4.75	4.73	4.65	3.57	3.63	3.71	3.68
CHEBI:80371	C24H22O12	O[C@@H]1[C@@H](COC(=O)CC(O)=O)O[C@@H](Oc2ccc3c(c2)occ(-c2ccc(O)cc2)c3=O)[C@H](O)[C@H]1O	InChI=1S/C24H22O12/c25-12-3-1-11(2-4-12)15-9-33-16-7-13(5-6-14(16)20(15)29)35-24-23(32)22(31)21(30)17(36-24)10-34-19(28)8-18(26)27/h1-7,9,17,21-25,30-32H,8,10H2,(H,26,27)/t17-,21-,22+,23-,24-/m1/s1	6''-O-Malonyldaidzin	502.1			pos	5.63	NCBITAXON:http://purl.bioontology.org/ontology/NCBITAXON/3847	Glycine max			MSI:1							0	0	0	0	5.19	5.3	5.37	5.35	4.75	4.73	0	0	5.82	5.86	5.9	0
CHEBI:80371	C24H22O12	O[C@@H]1[C@@H](COC(=O)CC(O)=O)O[C@@H](Oc2ccc3c(c2)occ(-c2ccc(O)cc2)c3=O)[C@H](O)[C@H]1O	InChI=1S/C24H22O12/c25-12-3-1-11(2-4-12)15-9-33-16-7-13(5-6-14(16)20(15)29)35-24-23(32)22(31)21(30)17(36-24)10-34-19(28)8-18(26)27/h1-7,9,17,21-25,30-32H,8,10H2,(H,26,27)/t17-,21-,22+,23-,24-/m1/s1	6''-O-Malonyldaidzin	502.1			pos	5.66	NCBITAXON:http://purl.bioontology.org/ontology/NCBITAXON/3847	Glycine max			MSI:1							4.89	4.87	4.93	4.87	0	0	0	0	5.95	5.85	5.87	5.94	0	3.99	0	5.83
CHEBI:142250	C18H28O2	C(#CCC#CCCCCCCCC(O)=O)CCCCC	InChI=1S/C18H28O2/c1-2-3-4-5-6-7-8-9-10-11-12-13-14-15-16-17-18(19)20/h2-5,8,11-17H2,1H3,(H,19,20)	9,12-Octadecadiynoic Acid	276.2			pos	10.39	NCBITAXON:http://purl.bioontology.org/ontology/NCBITAXON/3847	Glycine max			MSI:1							5.64	5.64	5.69	5.61	5.38	5.54	5.62	5.61	5.47	5.44	5.48	5.43	5.37	5.41	5.48	5.4
CHEBI:134511	C20H28O4	C=1(C(CCC1/C=C/[C@H](C/C=CCC)O)=O)C/C=CCCCC(O)=O	InChI=1S/C20H28O4/c1-2-3-6-9-17(21)14-12-16-13-15-19(22)18(16)10-7-4-5-8-11-20(23)24/h3-4,6-7,12,14,17,21H,2,5,8-11,13,15H2,1H3,(H,23,24)/b6-3-,7-4-,14-12+/t17-/m0/s1	9-Oxo-15S-hydroxy-5Z,8(12),13E,17Z-prostatetraenoic acid	332.2			pos	9.39	NCBITAXON:http://purl.bioontology.org/ontology/NCBITAXON/3847	Glycine max			MSI:1							5.04	5.03	5.08	5.17	4.89	4.97	5	4.99	5.18	5.14	5.01	4.9	4.93	4.98	4.96	4.96
CHEBI:142251	C18H28O3	O=C(CCCCCCCC(O)=O)/C=C/C=CC/C=CCC	InChI=1S/C18H28O3/c1-2-3-4-5-6-8-11-14-17(19)15-12-9-7-10-13-16-18(20)21/h3-4,6,8,11,14H,2,5,7,9-10,12-13,15-16H2,1H3,(H,20,21)/b4-3-,8-6-,14-11+	9-OxoOTrE	292.2			pos	7.26	NCBITAXON:http://purl.bioontology.org/ontology/NCBITAXON/3847	Glycine max			MSI:1							4.23	4.26	4.52	4.29	4.22	4.32	4.3	4.27	4.02	3.91	3.9	4.12	4	4.1	4.04	4.05
CHEBI:142252	C30H27NO7	C1=CC=C(C2=C1C(C=3C(=C(C(=CC3N2C)OC)C(C=4C(=CC5=C(C4)C=CC(O5)=O)OC)C=C(C)C)O)=O)O	InChI=1S/C30H27NO7/c1-15(2)11-19(18-12-16-9-10-25(33)38-22(16)14-23(18)36-4)26-24(37-5)13-20-27(30(26)35)29(34)17-7-6-8-21(32)28(17)31(20)3/h6-14,19,32,35H,1-5H3	Acrimarine H	513.2			pos	17.27	NCBITAXON:http://purl.bioontology.org/ontology/NCBITAXON/3847	Glycine max			MSI:2							0	0	0	0	4.91	0	0	0	5.04	0	0	0	0	0	0	0
CHEBI:142253	C21H20O10	OC=1C=C(C=C2C1C(=O)C(=C(C=3C=CC(=CC3)O)O2)O)OC4OC(C(C)O)C(C4O)O	InChI=1S/C21H20O10/c1-8(22)19-17(27)18(28)21(31-19)29-11-6-12(24)14-13(7-11)30-20(16(26)15(14)25)9-2-4-10(23)5-3-9/h2-8,17-19,21-24,26-28H,1H3	alpha-Rhamnorobin	432.1			pos	5.64	NCBITAXON:http://purl.bioontology.org/ontology/NCBITAXON/3847	Glycine max			MSI:2							3.74	4.03	3.9	3.97	4.43	4.47	4.48	4.48	4.95	4.91	4.94	4.89	4.21	4.23	4.18	4.07
CHEBI:2804	C16H15NO4	COc1cc2n(C)c3ccccc3c(=O)c2c(O)c1OC	InChI=1S/C16H15NO4/c1-17-10-7-5-4-6-9(10)14(18)13-11(17)8-12(20-2)16(21-3)15(13)19/h4-8,19H,1-3H3	Arborinine	285.1			pos	10.9	NCBITAXON:http://purl.bioontology.org/ontology/NCBITAXON/3847	Glycine max			MSI:2							4.89	4.65	4.98	5	5.05	5.1	5.04	5.01	5.07	5.15	5.14	5.11	5.11	5.15	5.1	5.09
CHEBI:142254	C18H32O5	CCC(C)C1CC(C(C)CC)C(=C1)C(CC(C(C(=O)O)O)O)O	InChI=1S/C18H32O5/c1-5-10(3)12-7-13(11(4)6-2)14(8-12)15(19)9-16(20)17(21)18(22)23/h8,10-13,15-17,19-21H,5-7,9H2,1-4H3,(H,22,23)	Auxin a	328.2			pos	7.26	NCBITAXON:http://purl.bioontology.org/ontology/NCBITAXON/3847	Glycine max			MSI:2							4.52	4.53	4.58	4.62	4.57	4.6	4.6	4.67	4.44	4.43	4.44	4.51	4.57	4.61	4.62	4.57
CHEBI:53690	C18H28O17	C[C@@H]1OC(O)[C@H](O[C@H]2O[C@@H]([C@H](O)[C@H](O[C@@H]3O[C@@H]([C@@H](O)[C@H](O)[C@H]3O)C(O)=O)[C@H]2O)C(O)=O)[C@H](O)[C@H]1O	InChI=1S/C18H28O17/c1-2-3(19)5(21)13(16(30)31-2)35-18-9(25)10(8(24)12(34-18)15(28)29)32-17-7(23)4(20)6(22)11(33-17)14(26)27/h2-13,16-25,30H,1H3,(H,26,27)(H,28,29)/t2-,3-,4-,5+,6-,7+,8+,9+,10-,11-,12-,13+,16?,17+,18+/m0/s1	beta-D-Glucuronopyranosyl-(1->3)-alpha-D-galacturonopyranosyl-(1->2)-L-rhamnose	516.1			pos	6.99	NCBITAXON:http://purl.bioontology.org/ontology/NCBITAXON/3847	Glycine max			MSI:2							3.27	3.36	3.46	3.47	0	2.8	2.84	3.26	4.98	5	5	4.8	4.43	4.45	4.4	4.43
CHEBI:142255	C48H78O18	C1C(C(C2C(C1)(C3C(CC2)(C4(C(=CC3)C5C(CC4)(CCC(C5)(C)C)C(=O)OC6OC(C(C(C6O)O)O)CO)C)C)C)(C)C)OC7C(C(C(C(O7)CO)OC8OC(C(C(C8O)O)O)CO)O)O	InChI=1S/C48H78O18/c1-43(2)14-16-48(42(60)66-41-36(58)33(55)31(53)25(20-50)62-41)17-15-46(6)22(23(48)18-43)8-9-28-45(5)12-11-29(44(3,4)27(45)10-13-47(28,46)7)64-39-37(59)34(56)38(26(21-51)63-39)65-40-35(57)32(54)30(52)24(19-49)61-40/h8,23-41,49-59H,9-21H2,1-7H3	Calenduloside B	942.5			pos	8.92	NCBITAXON:http://purl.bioontology.org/ontology/NCBITAXON/3847	Glycine max			MSI:2							5.68	5.74	5.79	5.65	5.49	5.7	5.78	5.74	5.71	5.59	5.69	5.71	5.7	5.82	5.8	5.8
CHEBI:142256	C16H18N2O6	O1[C@@H]([C@@H](O)[C@H](O)[C@@H](O)[C@@H]1OC=2C3=C(NC=C3CC#N)C=CC2)CO	InChI=1S/C16H18N2O6/c17-5-4-8-6-18-9-2-1-3-10(12(8)9)23-16-15(22)14(21)13(20)11(7-19)24-16/h1-3,6,11,13-16,18-22H,4,7H2/t11-,13-,14+,15-,16-/m1/s1	Cappariloside A	334.1			pos	10.33	NCBITAXON:http://purl.bioontology.org/ontology/NCBITAXON/3847	Glycine max			MSI:2							0	0	0	0	0	0	0	0	2.92	0	0	2.91	4.85	4.86	4.93	4.82
CHEBI:138790	C10H19NO7	O1[C@@]([C@H]([C@@H]([C@H]1CO)O)O)(CNCCCC(O)=O)O	InChI=1S/C10H19NO7/c12-4-6-8(15)9(16)10(17,18-6)5-11-3-1-2-7(13)14/h6,8-9,11-12,15-17H,1-5H2,(H,13,14)/t6-,8-,9+,10-/m1/s1	D-1-[(3-Carboxypropyl)amino]-1-deoxyfructose	265.1			pos	1.01	NCBITAXON:http://purl.bioontology.org/ontology/NCBITAXON/3847	Glycine max			MSI:2							3.48	3.41	3.49	3.42	3.81	4.19	4.14	4.16	3.94	3.78	3.83	4	4.25	4.32	4.24	4.23
CHEBI:28197	C15H10O4	Oc1ccc(cc1)-c1coc2cc(O)ccc2c1=O	InChI=1S/C15H10O4/c16-10-3-1-9(2-4-10)13-8-19-14-7-11(17)5-6-12(14)15(13)18/h1-8,16-17H	Daidzein	254.1			pos	6.64	NCBITAXON:http://purl.bioontology.org/ontology/NCBITAXON/3847	Glycine max			MSI:1							5.05	5.05	5.09	5.06	5.21	5.31	5.39	5.36	5.6	5.54	5.6	5.6	5.33	5.37	5.38	5.35
CHEBI:42202	C21H20O9	OC[C@H]1O[C@@H](Oc2ccc3c(c2)occ(-c2ccc(O)cc2)c3=O)[C@H](O)[C@@H](O)[C@@H]1O	InChI=1S/C21H20O9/c22-8-16-18(25)19(26)20(27)21(30-16)29-12-5-6-13-15(7-12)28-9-14(17(13)24)10-1-3-11(23)4-2-10/h1-7,9,16,18-23,25-27H,8H2/t16-,18-,19+,20-,21-/m1/s1	Daidzin	416.1			pos	4.81	NCBITAXON:http://purl.bioontology.org/ontology/NCBITAXON/3847	Glycine max			MSI:1							0	0	0	0	0	0	4.67	4.65	5.5	5.12	5.53	0	5.36	5.37	5.37	5.33
CHEBI:20386	C18H37NO3	CCCCCCCCCC=CCCC[C@@H](O)[C@@H](O)[C@@H](N)CO	InChI=1S/C18H37NO3/c1-2-3-4-5-6-7-8-9-10-11-12-13-14-17(21)18(22)16(19)15-20/h10-11,16-18,20-22H,2-9,12-15,19H2,1H3/b11-10+/t16-,17+,18-/m0/s1	Dehydrophytosphingosine	315.3			pos	9.88	NCBITAXON:http://purl.bioontology.org/ontology/NCBITAXON/3847	Glycine max			MSI:2							3.5	3.74	3.78	3.96	3.99	3.76	3.81	3.9	3.37	3.17	3.09	3.78	4	4.25	4.11	4.09
CHEBI:88805	C37H66O5	C([C@@](COC(CCCCCCCCCCCCC)=O)(OC(CCCCCC/C=CC/C=CC/C=CCCCCC)=O)[H])O	InChI=1S/C37H66O5/c1-3-5-7-9-11-13-15-16-17-18-19-20-22-24-26-28-30-32-37(40)42-35(33-38)34-41-36(39)31-29-27-25-23-21-14-12-10-8-6-4-2/h11,13,16-17,19-20,35,38H,3-10,12,14-15,18,21-34H2,1-2H3/b13-11-,17-16-,20-19-/t35-/m0/s1	DG(14:0/20:3(8Z,11Z,14Z)/0:0)	590.5			pos	14.93	NCBITAXON:http://purl.bioontology.org/ontology/NCBITAXON/3847	Glycine max			MSI:2							5.19	5.15	5.16	5.16	5.03	5.09	5.18	5.15	4.4	4.31	4.19	4.29	4.44	4.47	4.45	4.38
CHEBI:142257	C22H32O6	CCC(C)C(=O)OC1CCC(C)C2(C)CC3(C(=C)COC3=O)C(C12)OC(C)=O	InChI=1S/C22H32O6/c1-7-12(2)19(24)28-16-9-8-13(3)21(6)11-22(14(4)10-26-20(22)25)18(17(16)21)27-15(5)23/h12-13,16-18H,4,7-11H2,1-3,5-6H3	Dihydrofukinolide	392.2			pos	9.92	NCBITAXON:http://purl.bioontology.org/ontology/NCBITAXON/3847	Glycine max			MSI:2							4.81	4.8	4.84	4.84	4.95	4.99	5.03	4.98	4.93	4.91	4.91	4.91	5.04	5.06	5.07	5.04
CHEBI:75852	C39H64O5	CCC=C/CC=C/CC=C/CCCCCCCC(=O)OCC(O)COC(=O)CCCCCCCC=C/CC=C/CC=C/CC	InChI=1S/C39H64O5/c1-3-5-7-9-11-13-15-17-19-21-23-25-27-29-31-33-38(41)43-35-37(40)36-44-39(42)34-32-30-28-26-24-22-20-18-16-14-12-10-8-6-4-2/h5-8,11-14,17-20,37,40H,3-4,9-10,15-16,21-36H2,1-2H3/b7-5-,8-6-,13-11-,14-12-,19-17-,20-18-	Dilinolenin (9c,12c,15c)	612.5			pos	14.01	NCBITAXON:http://purl.bioontology.org/ontology/NCBITAXON/3847	Glycine max			MSI:1							5.16	5.17	5.26	5.16	5.1	5.19	5.29	5.31	4.63	4.59	4.57	4.59	4.64	4.65	4.68	4.59
CHEBI:28044	C9H11NO2	NC(Cc1ccccc1)C(O)=O	InChI=1S/C9H11NO2/c10-8(9(11)12)6-7-4-2-1-3-5-7/h1-5,8H,6,10H2,(H,11,12)	DL-Phenylalanine	165.1			pos	1.64	NCBITAXON:http://purl.bioontology.org/ontology/NCBITAXON/3847	Glycine max			MSI:1							4.26	4.38	4.41	4.45	4.73	4.93	4.95	4.85	4.65	4.62	4.61	4.66	5.11	5.04	5.14	5.02
CHEBI:18416	C12H22N2O6S	CC(C)(CO)[C@@H](O)C(=O)NCCC(=O)N[C@@H](CS)C(O)=O	InChI=1S/C12H22N2O6S/c1-12(2,6-15)9(17)10(18)13-4-3-8(16)14-7(5-21)11(19)20/h7,9,15,17,21H,3-6H2,1-2H3,(H,13,18)(H,14,16)(H,19,20)/t7-,9-/m0/s1	D-Pantothenoyl-L-cysteine	322.1			pos	8.37	NCBITAXON:http://purl.bioontology.org/ontology/NCBITAXON/3847	Glycine max			MSI:2							0	0	0	0	0	0	0	0	0	0	0	0	4.12	4.23	4.28	4.19
CHEBI:18088	C16H12O4	COc1ccc(cc1)-c1coc2cc(O)ccc2c1=O	InChI=1S/C16H12O4/c1-19-12-5-2-10(3-6-12)14-9-20-15-8-11(17)4-7-13(15)16(14)18/h2-9,17H,1H3	Formononetin	268.1			pos	8.3	NCBITAXON:http://purl.bioontology.org/ontology/NCBITAXON/3847	Glycine max			MSI:1							4.57	4.56	4.57	4.57	4.29	4.33	4.33	4.38	5.01	5.01	5.01	5.03	5.4	5.43	5.46	5.43
CHEBI:142258	C32H42O9	[C@@]12([C@@H](C(C3=C([C@@]1(C(C[C@@]2([C@@H](CC(CC(C(O)=O)C)=O)C)[H])=O)C)C(C[C@@]4([C@@]3(CCC(C4(C)C)=O)C)[H])=O)=O)OC(=O)C)C	InChI=1S/C32H42O9/c1-15(11-18(34)12-16(2)28(39)40)19-13-23(37)32(8)24-20(35)14-21-29(4,5)22(36)9-10-30(21,6)25(24)26(38)27(31(19,32)7)41-17(3)33/h15-16,19,21,27H,9-14H2,1-8H3,(H,39,40)/t15-,16?,19-,21+,27-,30+,31+,32+/m1/s1	Ganoderic acid F	570.3			pos	14.65	NCBITAXON:http://purl.bioontology.org/ontology/NCBITAXON/3847	Glycine max			MSI:2							5.27	5.26	5.31	5.24	0	0	4.19	0	0	4.37	4.46	4.44	4.8	4.87	4.87	4.84
CHEBI:142258	C32H42O9	[C@@]12([C@@H](C(C3=C([C@@]1(C(C[C@@]2([C@@H](CC(CC(C(O)=O)C)=O)C)[H])=O)C)C(C[C@@]4([C@@]3(CCC(C4(C)C)=O)C)[H])=O)=O)OC(=O)C)C	InChI=1S/C32H42O9/c1-15(11-18(34)12-16(2)28(39)40)19-13-23(37)32(8)24-20(35)14-21-29(4,5)22(36)9-10-30(21,6)25(24)26(38)27(31(19,32)7)41-17(3)33/h15-16,19,21,27H,9-14H2,1-8H3,(H,39,40)/t15-,16?,19-,21+,27-,30+,31+,32+/m1/s1	Ganoderic acid F	570.3			pos	14.69	NCBITAXON:http://purl.bioontology.org/ontology/NCBITAXON/3847	Glycine max			MSI:2							0	0	4.18	0	5.14	5.19	5.2	5.29	4.45	0	0	0	0	0	0	0
CHEBI:142261	C30H48O2	C1([C@]2([C@](CC[C@@H]1O)(C=3C(=CC2)[C@]4([C@@](CC3)(C)[C@@](CC4)([H])[C@@H](CC/C=C(/CO)C)C)C)C)[H])(C)C	InChI=1S/C30H48O2/c1-20(19-31)9-8-10-21(2)22-13-17-30(7)24-11-12-25-27(3,4)26(32)15-16-28(25,5)23(24)14-18-29(22,30)6/h9,11,14,21-22,25-26,31-32H,8,10,12-13,15-19H2,1-7H3/b20-9+/t21-,22-,25+,26+,28-,29-,30+/m1/s1	Ganoderol B	440.4			pos	8.91	NCBITAXON:http://purl.bioontology.org/ontology/NCBITAXON/3847	Glycine max			MSI:2							4.29	4.27	4.28	4.4	4.39	4.21	4.39	4.36	4.27	4.45	4.22	4.18	4.33	4.03	4.26	4.38
CHEBI:142262	C22H26O6	C=1(C(=CC=C(C1)CCC(/C=C/CCC=2C=C(C(=C(C2)OC)O)OC)=O)O)OC	InChI=1S/C22H26O6/c1-26-19-12-15(9-11-18(19)24)8-10-17(23)7-5-4-6-16-13-20(27-2)22(25)21(14-16)28-3/h5,7,9,11-14,24-25H,4,6,8,10H2,1-3H3/b7-5+	Gingerenone B	386.2			pos	9.03	NCBITAXON:http://purl.bioontology.org/ontology/NCBITAXON/3847	Glycine max			MSI:2							4.51	4.54	4.44	4.55	4.07	4.12	4.09	4.15	4.53	4.55	4.53	4.58	4.53	4.57	4.56	4.57
CHEBI:69081	C19H38O4	CCCCCCCCCCCCCCCC(=O)OCC(O)CO	InChI=1S/C19H38O4/c1-2-3-4-5-6-7-8-9-10-11-12-13-14-15-19(22)23-17-18(21)16-20/h18,20-21H,2-17H2,1H3	Glycerol 1-hexadecanoate	330.3			pos	12.7	NCBITAXON:http://purl.bioontology.org/ontology/NCBITAXON/3847	Glycine max			MSI:1							4.7	4.78	5.13	5.22	4.81	4.85	4.92	5.26	5.35	5.26	4.93	5.32	4.89	4.98	4.93	4.92
CHEBI:75555	C21H42O4	CCCCCCCCCCCCCCCCCC(=O)OCC(O)CO	InChI=1S/C21H42O4/c1-2-3-4-5-6-7-8-9-10-11-12-13-14-15-16-17-21(24)25-19-20(23)18-22/h20,22-23H,2-19H2,1H3	Glycerol 1-stearate	358.3			pos	13.6	NCBITAXON:http://purl.bioontology.org/ontology/NCBITAXON/3847	Glycine max			MSI:1							5.78	6.13	6.27	6.12	5.92	6.12	6.19	6.18	6.2	6.15	5.78	6.15	5.97	6.3	6.33	6.39
CHEBI:80630	C33H38N4O6	C1(=CC=C2C(=C1)C(=C3C(=N2)C=4N(C3)C(C5=C(C4)[C@](C(OC5)=O)(CC)O)=O)CC)OC(=O)N6CCC(CC6)N7CCCCC7	InChI=1S/C33H38N4O6/c1-3-22-23-16-21(43-32(40)36-14-10-20(11-15-36)35-12-6-5-7-13-35)8-9-27(23)34-29-24(22)18-37-28(29)17-26-25(30(37)38)19-42-31(39)33(26,41)4-2/h8-9,16-17,20,41H,3-7,10-15,18-19H2,1-2H3/t33-/m0/s1	Irinotecan	586.3			pos	14.11	NCBITAXON:http://purl.bioontology.org/ontology/NCBITAXON/3847	Glycine max			MSI:2							5.49	0	5.51	5.43	5.09	5.32	5.22	5.23	0	0	0	4.14	0	0	0	4.37
CHEBI:80630	C33H38N4O6	C1(=CC=C2C(=C1)C(=C3C(=N2)C=4N(C3)C(C5=C(C4)[C@](C(OC5)=O)(CC)O)=O)CC)OC(=O)N6CCC(CC6)N7CCCCC7	InChI=1S/C33H38N4O6/c1-3-22-23-16-21(43-32(40)36-14-10-20(11-15-36)35-12-6-5-7-13-35)8-9-27(23)34-29-24(22)18-37-28(29)17-26-25(30(37)38)19-42-31(39)33(26,41)4-2/h8-9,16-17,20,41H,3-7,10-15,18-19H2,1-2H3/t33-/m0/s1	Irinotecan	586.3			pos	14.24	NCBITAXON:http://purl.bioontology.org/ontology/NCBITAXON/3847	Glycine max			MSI:2							5.43	5.49	0	0	5.23	5.11	5.39	5.41	0	0	0	0	0	0	4.46	0
CHEBI:142263	C28H33O15+	O(C1=CC=2C(O)=CC(O)=CC2[O+]=C1C3=CC=C(C(=C3)O)OC)[C@@H]4O[C@H](CO[C@@H]5O[C@@H](C)[C@@H]([C@H]([C@H]5O)O)O)[C@H]([C@@H]([C@H]4O)O)O	InChI=1S/C28H32O15/c1-10-20(32)22(34)24(36)27(40-10)39-9-19-21(33)23(35)25(37)28(43-19)42-18-8-13-14(30)6-12(29)7-17(13)41-26(18)11-3-4-16(38-2)15(31)5-11/h3-8,10,19-25,27-28,32-37H,9H2,1-2H3,(H2-,29,30,31)/p+1/t10-,19+,20-,21+,22+,23-,24+,25+,27+,28+/m0/s1	Isopeonidin 3-rutinoside	609.2			pos	17.89	NCBITAXON:http://purl.bioontology.org/ontology/NCBITAXON/3847	Glycine max			MSI:2							0	0	0	0	5.18	0	0	0	5.34	0	0	0	0	0	0	0
CHEBI:142264	C23H40O4	CCCCC/C=CC/C=CCCCCCCCC(CC(CO)OC(C)=O)=O	InChI=1S/C23H40O4/c1-3-4-5-6-7-8-9-10-11-12-13-14-15-16-17-18-22(26)19-23(20-24)27-21(2)25/h7-8,10-11,23-24H,3-6,9,12-20H2,1-2H3/b8-7-,11-10-	Isopersin	380.3			pos	13.6	NCBITAXON:http://purl.bioontology.org/ontology/NCBITAXON/3847	Glycine max			MSI:2							3.68	3.76	4.05	3.97	3.99	4.02	3.98	4.04	4.04	3.88	3.8	4.15	3.8	4.01	3.9	4.06
CHEBI:142265	C20H16O5	CC(C)=CCC1=C(C=CC=2C3=C(C=4C=CC(=CC4OC3=O)O)OC12)O	InChI=1S/C20H16O5/c1-10(2)3-5-12-15(22)8-7-14-17-19(25-18(12)14)13-6-4-11(21)9-16(13)24-20(17)23/h3-4,6-9,21-22H,5H2,1-2H3	Isosojagol	336.1			pos	7.04	NCBITAXON:http://purl.bioontology.org/ontology/NCBITAXON/3847	Glycine max			MSI:2							0	0	0	2.75	4.02	4.11	4.07	4.09	4.32	4.22	4.23	4.32	5.34	5.27	5.36	5.33
CHEBI:16467	C6H14N4O2	N[C@@H](CCCNC(N)=N)C(O)=O	InChI=1S/C6H14N4O2/c7-4(5(11)12)2-1-3-10-6(8)9/h4H,1-3,7H2,(H,11,12)(H4,8,9,10)/t4-/m0/s1	L-Arginine	174.1			pos	0.98	NCBITAXON:http://purl.bioontology.org/ontology/NCBITAXON/3847	Glycine max			MSI:1							3.95	4.21	4.1	4.14	4.59	4.71	4.73	4.68	5.21	5.11	5.14	5.14	5.02	5.02	5.03	5.04
CHEBI:142266	C18H24O12	O1[C@@H]([C@@H](O)[C@H](O)[C@@H](O)[C@@H]1OC2=C(OC=CC2=O)C)COC(=O)CC(O)(CC(O)=O)C	InChI=1S/C18H24O12/c1-8-16(9(19)3-4-27-8)30-17-15(25)14(24)13(23)10(29-17)7-28-12(22)6-18(2,26)5-11(20)21/h3-4,10,13-15,17,23-26H,5-7H2,1-2H3,(H,20,21)/t10-,13-,14+,15-,17+,18?/m1/s1	Licoagroside B	432.1			pos	0.97	NCBITAXON:http://purl.bioontology.org/ontology/NCBITAXON/3847	Glycine max			MSI:2							4.78	4.71	4.83	4.85	4.73	4.78	4.84	4.78	4.26	4.15	4.25	4.34	3.34	3.78	3.21	3.52
CHEBI:92583	C18H30O2	CCC=CCC=CCC=CCCCCCCCC(=O)O	InChI=1S/C18H30O2/c1-2-3-4-5-6-7-8-9-10-11-12-13-14-15-16-17-18(19)20/h3-4,6-7,9-10H,2,5,8,11-17H2,1H3,(H,19,20)	Linolenelaidic acid	278.2			pos	10.81	NCBITAXON:http://purl.bioontology.org/ontology/NCBITAXON/3847	Glycine max			MSI:2							4.04	4.13	4.08	4.09	3.67	3.84	3.96	4.03	4.59	4.55	4.52	4.58	4.2	4.21	4.18	4.16
CHEBI:16828	C11H12N2O2	N[C@@H](Cc1c[nH]c2ccccc12)C(O)=O	InChI=1S/C11H12N2O2/c12-9(11(14)15)5-7-6-13-10-4-2-1-3-8(7)10/h1-4,6,9,13H,5,12H2,(H,14,15)/t9-/m0/s1	L-Tryptophan	204.1			pos	2.91	NCBITAXON:http://purl.bioontology.org/ontology/NCBITAXON/3847	Glycine max			MSI:1							0	0	0	0	0	3.44	3.34	3.38	4.04	4	3.95	4.13	4.89	4.98	4.97	4.96
CHEBI:142267	C9H11NO2	CNC1=CC=CC=C1C(=O)OC	InChI=1S/C9H11NO2/c1-10-8-6-4-3-5-7(8)9(11)12-2/h3-6,10H,1-2H3	Methyl N-methylanthranilate	165.1			pos	2.92	NCBITAXON:http://purl.bioontology.org/ontology/NCBITAXON/3847	Glycine max			MSI:2							0	0	0	0	3.55	3.99	3.95	3.97	4.45	4.42	4.43	4.47	5.19	5.24	5.24	5.23
CHEBI:75610	C21H36O4	CCC=C/CC=C/CC=C/CCCCCCCC(=O)OCC(O)CO	InChI=1S/C21H36O4/c1-2-3-4-5-6-7-8-9-10-11-12-13-14-15-16-17-21(24)25-19-20(23)18-22/h3-4,6-7,9-10,20,22-23H,2,5,8,11-19H2,1H3/b4-3-,7-6-,10-9-	Monolinolenin (9c,12c,15c)	352.3			pos	11.87	NCBITAXON:http://purl.bioontology.org/ontology/NCBITAXON/3847	Glycine max			MSI:1							4.77	4.8	4.77	4.8	4.61	4.55	4.57	4.57	0	0	0	0	3.48	3.62	3.2	3.53
CHEBI:7508	C23H46N6O13	NC[C@H]1O[C@H](O[C@@H]2[C@@H](N)C[C@@H](N)[C@H](O)[C@H]2O[C@@H]2O[C@H](CO)[C@@H](O[C@H]3O[C@@H](CN)[C@@H](O)[C@H](O)[C@H]3N)[C@H]2O)[C@H](N)[C@@H](O)[C@@H]1O	InChI=1S/C23H46N6O13/c24-2-7-13(32)15(34)10(28)21(37-7)40-18-6(27)1-5(26)12(31)20(18)42-23-17(36)19(9(4-30)39-23)41-22-11(29)16(35)14(33)8(3-25)38-22/h5-23,30-36H,1-4,24-29H2/t5-,6+,7-,8+,9-,10-,11-,12+,13-,14-,15-,16-,17-,18-,19-,20-,21-,22-,23+/m1/s1	Neomycin	614.3			pos	14.16	NCBITAXON:http://purl.bioontology.org/ontology/NCBITAXON/3847	Glycine max			MSI:2							3.89	4.01	3.91	3.84	3.78	3.83	3.97	3.94	4.2	4.2	3.99	4.21	4.08	4.21	4.04	3.95
CHEBI:142268	C14H14N2O5	C=12C=CC=CC1NC=C2CC(C(=O)O)NC(=O)CC(O)=O	InChI=1S/C14H14N2O5/c17-12(6-13(18)19)16-11(14(20)21)5-8-7-15-10-4-2-1-3-9(8)10/h1-4,7,11,15H,5-6H2,(H,16,17)(H,18,19)(H,20,21)	N-Malonyltryptophan	290.1			pos	5.06	NCBITAXON:http://purl.bioontology.org/ontology/NCBITAXON/3847	Glycine max			MSI:2							3.93	4.02	3.96	3.94	3.32	3.77	3.66	3.7	3.01	2.26	2.24	3.02	4.38	4.45	4.37	4.44
CHEBI:116314	C18H35NO	CCCCCCCCC=C/CCCCCCCC(N)=O	InChI=1S/C18H35NO/c1-2-3-4-5-6-7-8-9-10-11-12-13-14-15-16-17-18(19)20/h9-10H,2-8,11-17H2,1H3,(H2,19,20)/b10-9-	Oleamide	281.3			pos	12.95	NCBITAXON:http://purl.bioontology.org/ontology/NCBITAXON/3847	Glycine max			MSI:1							5.03	5.07	5.08	5.07	4.26	4.29	4.3	4.3	5.08	5.04	5.08	5.06	3.51	3.65	3.47	3.55
CHEBI:142269	C18H28O3	CCCCCCCC(C(CC#CC#CC(C=C)O)O)OC	InChI=1S/C18H28O3/c1-4-6-7-8-12-15-18(21-3)17(20)14-11-9-10-13-16(19)5-2/h5,16-20H,2,4,6-8,12,14-15H2,1,3H3	Panaquinquecol 1	292.2			pos	9.37	NCBITAXON:http://purl.bioontology.org/ontology/NCBITAXON/3847	Glycine max			MSI:2							4.38	4.44	4.42	4.9	4.17	4.78	4.81	4.42	4.64	4.59	4.64	4.57	4.49	4.28	4.2	4.64
CHEBI:142270	C43H78NO8P	[C@](COC(=O)CCCC/C=C/CCC/C=CC/C=CCCCCC)(OC(=O)CCCCCCC/C=CCCCCCCCC)([H])COP(OCCN)(O)=O	InChI=1S/C43H78NO8P/c1-3-5-7-9-11-13-15-17-19-20-22-23-25-27-29-31-33-35-42(45)49-39-41(40-51-53(47,48)50-38-37-44)52-43(46)36-34-32-30-28-26-24-21-18-16-14-12-10-8-6-4-2/h11,13,17-19,21,25,27,41H,3-10,12,14-16,20,22-24,26,28-40,44H2,1-2H3,(H,47,48)/b13-11-,19-17-,21-18-,27-25+/t41-/m1/s1	PE(20:2(11Z,14Z)/18:1(9Z))	769.6			pos	14.93	NCBITAXON:http://purl.bioontology.org/ontology/NCBITAXON/3847	Glycine max			MSI:2							4.37	4.44	4.28	4.42	4.27	4.31	4.35	4.44	2.89	0	2.49	2.91	2.83	3.55	3.14	2.85
CHEBI:89353	C42H79O10P	C([C@@](COC(CCCCCCC/C=CC/C=CCCCCC)=O)(OC(CCCCCCCCCCCCCCCCC)=O)[H])OP(=O)(O)OC[C@@](CO)([H])O	InChI=1S/C42H79O10P/c1-3-5-7-9-11-13-15-17-19-21-23-25-27-29-31-33-41(45)49-37-40(38-51-53(47,48)50-36-39(44)35-43)52-42(46)34-32-30-28-26-24-22-20-18-16-14-12-10-8-6-4-2/h11,13,17,19,39-40,43-44H,3-10,12,14-16,18,20-38H2,1-2H3,(H,47,48)/b13-11-,19-17-/t39-,40+/m0/s1	PG(18:2(9Z,12Z)/18:0)	774.5			pos	14.92	NCBITAXON:http://purl.bioontology.org/ontology/NCBITAXON/3847	Glycine max			MSI:2							5.1	5.03	5.04	5.05	5.04	5.08	5.18	5.13	4.64	0	4.58	4.56	4.7	4.66	4.69	4.64
CHEBI:108	C20H20O4	C12=C3C(=CC=C2OC(CC1)(C)C)[C@]4([C@@](O3)(C=5C=CC(O)=CC5OC4)[H])[H]	InChI=1S/C20H20O4/c1-20(2)8-7-14-16(24-20)6-5-12-15-10-22-17-9-11(21)3-4-13(17)19(15)23-18(12)14/h3-6,9,15,19,21H,7-8,10H2,1-2H3/t15-,19-/m0/s1	Phaseollin	322.1			pos	9.34	NCBITAXON:http://purl.bioontology.org/ontology/NCBITAXON/3847	Glycine max			MSI:2							0	0	0	0	0	0	0	0	2.63	2.52	0	0	3.86	4.17	3.95	4.02
CHEBI:64681	C12H14O7	O[C@H]1[C@@H](O[C@@H]([C@@H](O)[C@@H]1O)C(O)=O)Oc1ccccc1	InChI=1S/C12H14O7/c13-7-8(14)10(11(16)17)19-12(9(7)15)18-6-4-2-1-3-5-6/h1-5,7-10,12-15H,(H,16,17)/t7-,8-,9+,10-,12+/m0/s1	Phenylglucuronide	270.1			pos	0.99	NCBITAXON:http://purl.bioontology.org/ontology/NCBITAXON/3847	Glycine max			MSI:2							4.55	4.6	4.68	4.69	4.58	4.61	4.65	4.62	4.36	4.23	4.32	4.41	4.19	4.28	4.19	4.19
CHEBI:142271	C43H84O16P2	[C@@H]1(C(C(C([C@H](C1O)OP(=O)(O)O)O)O)O)OP(OC[C@](COC(CCCCCCCCCCCCCCCCC)=O)([H])OC(CCCCCCCCCCCCCCC)=O)(O)=O	InChI=1S/C43H84O16P2/c1-3-5-7-9-11-13-15-17-18-20-21-23-25-27-29-31-36(44)55-33-35(57-37(45)32-30-28-26-24-22-19-16-14-12-10-8-6-4-2)34-56-61(53,54)59-43-40(48)38(46)39(47)42(41(43)49)58-60(50,51)52/h35,38-43,46-49H,3-34H2,1-2H3,(H,53,54)(H2,50,51,52)/t35-,38?,39?,40?,41?,42-,43+/m1/s1	PIP(18:0/16:0)	918.5			pos	9.42	NCBITAXON:http://purl.bioontology.org/ontology/NCBITAXON/3847	Glycine max			MSI:2							4.59	4.54	4.51	4.52	4.53	4.57	4.59	4.57	4.57	4.54	4.58	4.52	4.35	4.36	4.41	4.3
CHEBI:142272	C47H82O16P2	O(C[C@](COP(O)(=O)O[C@H]1C(C(C([C@H](C1O)OP(=O)(O)O)O)O)O)(OC(CCC/C=CC/C=CC/C=CC/C=CCCCCC)=O)[H])C(CCCCCCCCC/C=CCCCCCC)=O	InChI=1S/C47H82O16P2/c1-3-5-7-9-11-13-15-17-19-20-22-24-26-28-30-32-34-36-41(49)61-39(37-59-40(48)35-33-31-29-27-25-23-21-18-16-14-12-10-8-6-4-2)38-60-65(57,58)63-47-44(52)42(50)43(51)46(45(47)53)62-64(54,55)56/h11,13-14,16-17,19,22,24,28,30,39,42-47,50-53H,3-10,12,15,18,20-21,23,25-27,29,31-38H2,1-2H3,(H,57,58)(H2,54,55,56)/b13-11-,16-14-,19-17-,24-22-,30-28-/t39-,42?,43?,44?,45?,46-,47+/m1/s1	PIP(18:1(11Z)/20:4(5Z,8Z,11Z,14Z))	964.5			pos	8.93	NCBITAXON:http://purl.bioontology.org/ontology/NCBITAXON/3847	Glycine max			MSI:2							3.71	3.91	3.94	4.27	3.85	4.12	4.25	4.22	3.74	3.84	3.81	3.89	3.96	4.06	4.07	4.19
CHEBI:8286	C28H48O	CC(C)CCC[C@@H](C)[C@H]1CC[C@@]2(C)[C@@H]3CC[C@H]4C[C@@H](O)CC[C@@]44C[C@@]34CC[C@]12C	InChI=1S/C28H48O/c1-19(2)7-6-8-20(3)23-12-13-26(5)24-10-9-21-17-22(29)11-14-27(21)18-28(24,27)16-15-25(23,26)4/h19-24,29H,6-18H2,1-5H3/t20-,21+,22+,23-,24+,25-,26+,27-,28+/m1/s1	Pollinastanol	400.4			pos	8.91	NCBITAXON:http://purl.bioontology.org/ontology/NCBITAXON/3847	Glycine max			MSI:2							4.26	4.14	4.23	4.4	4.22	4.25	4.25	4.32	4.27	4.43	4.18	4.17	4.24	4.15	4.32	4.39
CHEBI:142273	C21H40O3	CCCCCCC(CC=CCCCCCCCC(=O)OCCC)O	InChI=1S/C21H40O3/c1-3-5-6-13-16-20(22)17-14-11-9-7-8-10-12-15-18-21(23)24-19-4-2/h11,14,20,22H,3-10,12-13,15-19H2,1-2H3/b14-11+	Polyoxyethylene (600) monoricinoleate	340.3			pos	13.59	NCBITAXON:http://purl.bioontology.org/ontology/NCBITAXON/3847	Glycine max			MSI:2							5.8	5.84	5.99	5.84	5.64	5.84	5.91	5.91	5.91	5.87	5.82	5.86	6	6.02	6.05	6.1
CHEBI:142274	C18H26O2	C1=CC(=CC=C1)CC(OCC[C@H](CCCC(=C)C)C)=O	InChI=1S/C18H26O2/c1-15(2)8-7-9-16(3)12-13-20-18(19)14-17-10-5-4-6-11-17/h4-6,10-11,16H,1,7-9,12-14H2,2-3H3/t16-/m0/s1	Rhodinyl phenylacetate	274.2			pos	7.26	NCBITAXON:http://purl.bioontology.org/ontology/NCBITAXON/3847	Glycine max			MSI:2							4.12	4.19	4.14	4.19	4.1	4.16	4.12	4.21	3.88	3.61	3.56	3.91	3.74	3.97	3.88	3.82
CHEBI:142274	C18H26O2	C1=CC(=CC=C1)CC(OCC[C@H](CCCC(=C)C)C)=O	InChI=1S/C18H26O2/c1-15(2)8-7-9-16(3)12-13-20-18(19)14-17-10-5-4-6-11-17/h4-6,10-11,16H,1,7-9,12-14H2,2-3H3/t16-/m0/s1	Rhodinyl phenylacetate	274.2			pos	9.39	NCBITAXON:http://purl.bioontology.org/ontology/NCBITAXON/3847	Glycine max			MSI:2							4.66	4.65	4.63	4.7	4.55	4.57	4.6	4.59	4.49	4.58	4.53	4.5	4.41	4.4	4.42	4.41
CHEBI:8878	C33H40O19	C[C@@H]1O[C@@H](OC[C@H]2O[C@@H](Oc3c(oc4cc(O[C@@H]5O[C@@H](C)[C@H](O)[C@@H](O)[C@H]5O)cc(O)c4c3=O)-c3ccc(O)cc3)[C@H](O)[C@@H](O)[C@H]2O)[C@H](O)[C@H](O)[C@H]1O	InChI=1S/C33H40O19/c1-10-19(36)23(40)26(43)31(47-10)46-9-17-21(38)25(42)28(45)33(51-17)52-30-22(39)18-15(35)7-14(49-32-27(44)24(41)20(37)11(2)48-32)8-16(18)50-29(30)12-3-5-13(34)6-4-12/h3-8,10-11,17,19-21,23-28,31-38,40-45H,9H2,1-2H3/t10-,11-,17+,19-,20-,21-,23+,24+,25-,26+,27+,28+,31+,32-,33-/m0/s1	Robinin	740.2			pos	5.1	NCBITAXON:http://purl.bioontology.org/ontology/NCBITAXON/3847	Glycine max			MSI:1							4.03	4.15	4.07	4.15	3.02	3.89	0	3.73	3.33	3.08	2.24	3.21	0	0	0	0
CHEBI:142275	C12H18O3	CCCCC(C1CCCC=C1C(=O)O)=O	InChI=1S/C12H18O3/c1-2-3-8-11(13)9-6-4-5-7-10(9)12(14)15/h7,9H,2-6,8H2,1H3,(H,14,15)	Sedanonic acid	210.1			pos	6.2	NCBITAXON:http://purl.bioontology.org/ontology/NCBITAXON/3847	Glycine max			MSI:2							0	3.19	2.97	3.34	3.08	3.88	3.92	4	4.53	4.51	4.5	4.57	3.53	3.89	3.52	3.65
CHEBI:142276	C40H75NO9	O(C[C@@H]([C@@H](/C=C/CC/C=C/CCCCCCCCC)O)NC(=O)[C@@H](CCCCCCCCCCCCCC)O)[C@H]1[C@@H]([C@H]([C@@H]([C@H](O1)CO)O)O)O	InChI=1S/C40H75NO9/c1-3-5-7-9-11-13-15-17-19-20-22-24-26-28-33(43)32(31-49-40-38(47)37(46)36(45)35(30-42)50-40)41-39(48)34(44)29-27-25-23-21-18-16-14-12-10-8-6-4-2/h19-20,26,28,32-38,40,42-47H,3-18,21-25,27,29-31H2,1-2H3,(H,41,48)/b20-19+,28-26+/t32-,33+,34+,35+,36+,37-,38+,40+/m0/s1	Soyacerebroside I	713.5			pos	14.17	NCBITAXON:http://purl.bioontology.org/ontology/NCBITAXON/3847	Glycine max			MSI:2							3.31	3.89	3.68	3.74	3.63	4.02	3.89	3.93	4.38	4.29	4.28	4.37	4.11	4.23	4.24	4.16
CHEBI:62867	C42H68O14	[H][C@@]12CC(C)(C)C[C@@H](O)[C@]1(C)CC[C@]1(C)C2=CC[C@]2([H])[C@@]3(C)CC[C@H](O[C@@H]4O[C@@H]([C@@H](O)[C@H](O)[C@H]4O[C@@H]4O[C@H](CO)[C@H](O)[C@H](O)[C@H]4O)C(O)=O)[C@](C)(CO)[C@]3([H])CC[C@@]12C	InChI=1S/C42H68O14/c1-37(2)16-21-20-8-9-24-39(4)12-11-26(40(5,19-44)23(39)10-13-42(24,7)41(20,6)15-14-38(21,3)25(45)17-37)54-36-33(30(49)29(48)32(55-36)34(51)52)56-35-31(50)28(47)27(46)22(18-43)53-35/h8,21-33,35-36,43-50H,9-19H2,1-7H3,(H,51,52)/t21-,22+,23+,24+,25+,26-,27-,28-,29-,30-,31+,32-,33+,35-,36+,38+,39-,40+,41+,42+/m0/s1	Soyasaponin III	796.5			pos	9.13	NCBITAXON:http://purl.bioontology.org/ontology/NCBITAXON/3847	Glycine max			MSI:2							4.79	4.98	5	4.93	4.87	4.9	4.96	4.99	5.01	4.97	4.97	5	4.87	4.83	4.72	4.72
CHEBI:142239	C7H14N2O7S	S(O)(=O)(=O)CC(NC(=O)C(N)C(O)C)C(O)=O	InChI=1S/C7H14N2O7S/c1-3(10)5(8)6(11)9-4(7(12)13)2-17(14,15)16/h3-5,10H,2,8H2,1H3,(H,9,11)(H,12,13)(H,14,15,16)	Thr-Cys(Trioxidation)	270.1			pos	7.75	NCBITAXON:http://purl.bioontology.org/ontology/NCBITAXON/3847	Glycine max			MSI:2							4.71	4.71	4.71	4.74	4.86	4.88	4.91	4.91	5.1	5.08	5.09	5.08	4.35	4.37	4.35	4.31
CHEBI:18123	C7H7NO2	C[n+]1cccc(c1)C([O-])=O	InChI=1S/C7H7NO2/c1-8-4-2-3-6(5-8)7(9)10/h2-5H,1H3	Trigonelline	137			pos	1.17	NCBITAXON:http://purl.bioontology.org/ontology/NCBITAXON/3847	Glycine max			MSI:1							4.97	4.97	4.98	4.98	4.83	4.87	4.93	4.95	5.03	5	5.02	5.04	4.63	0	4.45	4.61
CHEBI:75011	C10H18N2O5	CC(C)[C@H](N)C(=O)N[C@@H](CCC(O)=O)C(O)=O	InChI=1S/C10H18N2O5/c1-5(2)8(11)9(15)12-6(10(16)17)3-4-7(13)14/h5-6,8H,3-4,11H2,1-2H3,(H,12,15)(H,13,14)(H,16,17)/t6-,8-/m0/s1	Val-Glu	246.1			pos	6.44	NCBITAXON:http://purl.bioontology.org/ontology/NCBITAXON/3847	Glycine max			MSI:2							0	0	0	0	0	0	0	0	0	0	0	0	4.6	4.66	4.58	4.68
CHEBI:142277	C20H26O4	C=CC1(C)C(C=C2C3(C)CC(C(C(C)(C)C3CCC24C1O4)O)=O)=O	InChI=1S/C20H26O4/c1-6-18(4)14(22)9-13-19(5)10-11(21)15(23)17(2,3)12(19)7-8-20(13)16(18)24-20/h6,9,12,15-16,23H,1,7-8,10H2,2-5H3	Yucalexin P8	330.2			pos	10.29	NCBITAXON:http://purl.bioontology.org/ontology/NCBITAXON/3847	Glycine max			MSI:2							3.59	3.97	3.59	3.45	0	3.66	3.61	3.77	3.97	4.08	3.91	4.03	2.74	3.19	2.99	2.96
